ID,Name,Salary,Team,AGE,GP,W,L,MIN,PTS,FGM,FGA,FGPER,TPM,TPA,TPPER,FTM,FTA,FTPER,OREB,DREB,REB,AST,TOV,STL,BLK,PF,FP,DD2,TD3,PLUSMINUS,Position,Country,Draft Round,Draft Number,SGap
1,Stephen Curry,34682550,GSW,30,51,41,10,32,26.4,8.4,16.9,49.5,4.2,9.8,42.3,5.5,5.9,92.1,0.7,4.4,5.1,6.1,3,1.6,0.2,2.2,43.8,5,0,9.5,G,USA,1,7,1
2,LeBron James,33285709,CLE,33,76,46,30,37.1,27.6,10.6,19.4,54.7,1.8,4.9,36.1,4.6,6.3,73,1.2,7.4,8.6,9.1,4.2,1.5,0.9,1.7,54.5,47,16,0.6,F,USA,1,1,1
3,Paul Millsap,31269231,DEN,33,32,17,15,29.3,14.8,5.4,11.2,48.2,1.1,2.9,36.6,2.9,4.2,70.7,1.4,4.8,6.3,2.8,1.9,1.2,1.1,2.6,31.3,1,0,2.3,F,USA,2,47,1
4,Gordon Hayward,29727900,BOS,28,1,0,1,5.3,2,1,2,50,0,1,0,0,0,0,0,1,1,0,0,0,0,1,3.2,0,0,3,F,USA,1,9,1
5,Blake Griffin,29512900,DET,29,58,28,30,33.8,21.3,7.5,17,43.8,1.9,5.5,34.8,4.4,5.6,78.6,1.3,6.1,7.3,5.7,2.8,0.7,0.3,2.4,38.8,16,3,1.1,F,USA,1,1,1
6,Kyle Lowry,28703704,TOR,32,71,53,18,32.3,16.6,5.2,12.1,43.3,3.1,7.6,40.9,3,3.5,85.9,0.9,4.7,5.6,6.8,2.3,1.1,0.2,2.5,35.3,22,3,5,G,USA,1,24,1
7,Russell Westbrook,28530608,OKC,29,75,43,32,36.3,25.4,9.5,21.1,45,1.2,4.1,29.5,5.2,7.1,73.3,1.8,7.9,9.7,10.1,4.7,1.8,0.3,2.5,53.7,54,23,4.5,G,USA,1,4,1
8,Mike Conley,28530608,MEM,30,12,7,5,31.1,17.1,5.3,14,38.1,2,6.4,31.2,4.4,5.5,80.3,0,2.3,2.3,4.1,1.5,1,0.3,2,28.2,0,0,-1.4,G,USA,1,4,1
9,James Harden,28299399,HOU,28,67,56,11,35.5,30.7,9.1,20.4,44.7,3.7,10.3,36.4,8.7,10.2,85.9,0.6,4.9,5.4,8.8,4.3,1.8,0.7,2.4,53.6,29,4,7.8,G,USA,1,3,1
10,DeMar DeRozan,27739975,TOR,28,74,54,20,34.1,23.3,8.1,17.8,45.8,1.1,3.6,31.5,5.9,7.1,82.4,0.7,3.1,3.9,5.2,2.2,1.1,0.2,1.8,37.5,0,0,5.5,G,USA,1,9,1
11,Al Horford,27734405,BOS,31,67,46,21,31.6,12.8,5.1,10.4,49.1,1.4,3.2,43.5,1.1,1.5,75,1.4,6,7.4,4.9,1.9,0.6,1.1,1.9,32.1,14,0,5,F,Dominican Rep...,1,3,1
12,Carmelo Anthony,26243760,OKC,33,73,42,31,32.2,16.3,6.1,15.1,40.6,2.2,6,36.3,1.9,2.4,76.4,0.8,5,5.8,1.3,1.3,0.6,0.6,2.5,27.8,6,0,3.5,F,USA,1,3,1
13,Damian Lillard,26153057,POR,27,68,42,26,36.6,26.6,8.5,19.3,43.9,3.1,8.5,36.4,6.6,7.2,91.6,0.8,3.7,4.5,6.6,2.9,1,0.4,1.6,43.3,10,0,4.8,G,USA,1,6,1
14,Jrue Holiday,25686667,NOP,27,75,42,33,36.3,19.1,7.6,15.6,49.1,1.5,4.5,33.5,2.3,3,78.4,0.8,3.8,4.5,5.8,2.6,1.4,0.8,2.5,37.1,7,1,3.1,G,USA,1,17,1
15,Kevin Durant,25000000,GSW,29,61,45,16,34.4,26.3,9.3,17.9,51.9,2.6,6,42.9,5.1,5.8,88.7,0.5,6.2,6.7,5.4,3.1,0.7,1.9,2,47.1,11,2,5.6,F,USA,1,2,1
16,Otto Porter Jr.,24773250,WAS,24,71,40,31,31.8,14.6,5.7,11.6,49.6,1.7,4,43.3,1.4,1.7,82.9,1.3,5.1,6.4,2.1,1,1.6,0.5,2,30.8,12,0,4.2,F,USA,1,3,1
17,Chris Paul,24599495,HOU,32,54,47,7,31.9,18.6,6.3,13.7,45.7,2.5,6.4,38.3,3.7,4,91.7,0.7,4.9,5.6,8,2.3,1.7,0.3,2.4,41,14,1,8.9,G,USA,1,4,1
18,CJ McCollum,23962573,POR,26,75,46,29,36.1,21.7,8.3,18.5,45,2.4,5.9,40.9,2.6,3.1,83.7,0.6,3.3,3.9,3.2,1.8,0.9,0.4,2.1,33.5,1,0,1.8,G,USA,1,10,1
19,Bradley Beal,23775506,WAS,24,75,41,34,36.3,22.8,8.4,18.2,46.1,2.4,6.5,37.2,3.6,4.5,78.8,0.8,3.6,4.4,4.6,2.7,1.2,0.5,1.9,37.2,4,0,2.6,G,USA,1,3,1
20,Anthony Davis,23775506,NOP,25,69,40,29,36.4,28.1,10.4,19.5,53.6,0.8,2.2,33.8,6.5,7.7,83.5,2.5,8.6,11.1,2.3,2.1,1.5,2.5,2.1,54.6,45,1,2.8,F,USA,1,1,1
21,Andre Drummond,23775506,DET,24,73,34,39,33.4,15,5.9,11.3,52.6,0,0.1,0,3.1,5,61.2,5.1,10.9,16,3.1,2.6,1.5,1.7,3.2,45.7,57,0,-0.7,C,USA,1,9,1
22,Hassan Whiteside,23775506,MIA,28,48,27,21,25.7,14.1,5.8,10.6,54.7,0,0,100,2.5,3.5,69.4,3.2,8.5,11.7,1,1.8,0.8,1.7,2.4,35.2,26,0,-1.6,C,USA,2,33,1
23,Dwight Howard,23500000,CHA,32,75,33,42,30.6,16.7,6.3,11.3,55.5,0,0.1,14.3,4.1,7.2,57.5,3.2,9.2,12.3,1.3,2.6,0.6,1.6,3.2,37.5,47,0,1.2,C,USA,1,1,1
24,Chandler Parsons,23112004,MEM,29,36,12,24,19.2,7.9,3,6.5,46.2,1.4,3.4,42.1,0.5,0.8,63,0.4,2.1,2.5,1.9,1,0.5,0.3,1.5,15.2,0,0,-2.4,F,USA,2,38,1
25,Harrison Barnes,23112004,DAL,25,73,23,50,34.1,18.8,6.9,15.6,44.6,1.5,4.2,36,3.4,4.1,82.8,1,5.2,6.2,2,1.5,0.7,0.2,1.3,30.3,8,0,-4.5,F,USA,1,7,1
26,JJ Redick,23000000,PHI,33,64,39,25,30.3,16.6,5.5,12.3,45.2,2.7,6.5,40.9,2.8,3.1,90.5,0.1,2.4,2.6,3,1.5,0.5,0.1,1.8,24.4,0,0,4.6,G,USA,1,11,1
27,Marc Gasol,22642350,MEM,33,70,20,50,33.3,17.6,6,14.4,42,1.5,4.4,33.8,4,4.8,83.3,1.1,7.2,8.2,4.2,2.7,0.7,1.4,2.5,37.5,25,1,-3.8,C,Spain,2,48,1
28,Kevin Love,22642350,CLE,29,54,33,21,27.6,17.5,5.7,12.4,45.8,2.2,5.5,40,4,4.5,88.5,1.8,7.4,9.2,1.7,1.5,0.7,0.4,2.1,33,29,0,0.4,C,USA,1,5,1
29,Brook Lopez,22642350,LAL,29,67,32,35,23.6,13.3,5.1,10.9,47,1.5,4.4,34.7,1.5,2.2,68.3,1,2.9,4,1.8,1.4,0.4,1.4,2.7,24.9,4,0,-0.6,C,USA,1,10,1
30,DeAndre Jordan,22642350,LAC,29,71,38,33,31.9,12.3,4.9,7.6,64.8,0,0,0,2.5,4.1,60.2,4.3,11.1,15.4,1.5,1.8,0.5,1,2.7,35.7,44,0,-0.5,C,USA,2,35,1
31,Steven Adams,22471910,OKC,24,71,39,32,32.7,14,5.9,9.5,62.8,0,0,0,2.1,3.7,56.3,5.1,4,9.1,1.1,1.6,1.3,1.1,2.9,31.9,27,0,4.2,C,New Zealand,1,12,1
32,Giannis Antetokounmpo,22471910,MIL,23,71,38,33,37,27.3,10,18.8,53.5,0.6,1.8,32.1,6.6,8.8,75.9,2.1,7.9,10,4.8,2.9,1.5,1.5,3.1,52.2,38,1,2.6,F,Greece,1,15,1
33,Nicolas Batum,22434783,CHA,29,58,25,33,31.7,11.8,4.3,10.4,41.6,1.5,4.4,33.9,1.7,2,82.1,0.9,4,4.8,5.5,2,1.1,0.4,1.2,28.2,7,2,0.3,G,France,1,25,1
34,Rudy Gobert,21974719,UTA,25,50,32,18,32.7,13.9,5,8,62.4,0,0,0,3.8,5.5,69.7,3,7.8,10.8,1.3,1.8,0.8,2.3,2.8,36.2,28,0,5,C,France,1,27,1
35,LaMarcus Aldridge,21461010,SAS,32,69,42,27,33.3,23.1,9.1,17.9,50.8,0.4,1.3,31,4.6,5.5,83.3,3.3,5.1,8.3,2.1,1.5,0.5,1.2,2.2,39.7,25,0,3.7,F,USA,1,2,1
36,Victor Oladipo,21000000,IND,25,70,45,25,34.2,23.2,8.5,18.1,47.1,2.1,5.9,36.4,4.1,5,81,0.6,4.6,5.3,4.1,2.9,2.3,0.7,2.3,41.9,2,0,4.6,G,USA,1,2,1
37,Enes Kanter,20566802,NYK,25,71,27,44,25.8,14.1,5.9,10,59.2,0,0,0,2.2,2.6,84.8,3.8,7.1,11,1.5,1.7,0.5,0.5,2.6,30.9,39,0,-2.6,C,Turkey,1,3,1
38,Danilo Gallinari,20559599,LAC,29,20,11,9,32,15.7,5.1,12.4,40.9,1.8,5.4,33.3,3.8,4.1,92.7,0.4,4.4,4.8,2,1.3,0.6,0.4,1.5,26,0,0,0.9,F,Italy,1,6,1
39,Serge Ibaka,20061729,TOR,28,70,50,20,27.4,12.5,4.9,10.3,47.6,1.4,3.9,34.4,1.3,1.6,81.1,1,5.2,6.2,0.8,1.2,0.4,1.3,2.8,24.9,6,0,3.7,F,Democratic Re...,1,24,1
40,George Hill,20000000,CLE,31,65,27,38,27.4,10.1,3.6,7.8,46,1.3,3.1,41.6,1.7,2.1,78.3,0.6,2.1,2.7,2.8,1.3,0.9,0.4,2,20.1,0,0,-2.1,G,USA,1,26,1
41,Ryan Anderson,19578455,HOU,29,64,51,13,26.6,9.6,3.2,7.5,43.3,2,5.3,38.8,1.1,1.4,77.8,1.5,3.6,5.1,0.9,0.7,0.4,0.3,1.9,18.6,2,0,4,F,USA,1,21,1
42,Paul George,19508958,OKC,27,74,43,31,36.6,21.6,7.2,16.8,43.2,3,7.5,40,4.1,5,81.2,0.9,4.8,5.6,3.4,2.7,2.1,0.5,3,38.5,4,0,2.9,F,USA,1,10,1
43,Allen Crabbe,19332500,BKN,25,69,21,48,29.4,12.7,4.4,11,39.7,2.6,7,36.7,1.4,1.6,84.8,0.4,3.9,4.3,1.5,1.1,0.6,0.4,2.3,22.2,0,0,-1.3,G,USA,2,31,1
44,Jimmy Butler,19301070,MIN,28,56,34,22,37.1,22.2,7.4,15.8,47.3,1.2,3.5,35.6,6.1,7,86.5,1.3,4.1,5.4,5,1.8,1.9,0.4,1.3,41.4,3,0,6.1,G,USA,1,30,1
45,Jeff Teague,19000000,MIN,29,66,38,28,32.8,13.8,4.9,11.1,44.3,1.2,3.2,37.3,2.8,3.4,84.2,0.3,2.6,3,7,2.5,1.5,0.3,2.5,30.8,13,0,1.9,G,USA,1,19,1
46,Kawhi Leonard,18868625,SAS,26,9,5,4,23.3,16.2,5.8,12.3,46.8,1.2,3.9,31.4,3.4,4.2,81.6,0.7,4,4.7,2.3,1.8,2,1,1,32.5,0,0,1.9,F,USA,1,15,1
47,Kyrie Irving,18868625,BOS,26,60,41,19,32.2,24.4,8.9,18.1,49.1,2.8,6.8,40.8,3.9,4.4,88.9,0.6,3.2,3.8,5.1,2.3,1.1,0.3,2,38.4,1,0,4.3,G,Australia,1,1,1
48,John Wall,18063850,WAS,27,37,21,16,34.3,19.4,6.8,16.3,41.7,1.4,4,35.8,4.3,6,71.9,0.5,3,3.6,9.3,3.6,1.3,1.1,1.9,41.3,16,0,3.8,G,USA,1,1,1
49,DeMarcus Cousins,18063850,NOP,27,48,27,21,36.2,25.2,8.5,18,47,2.2,6.1,35.4,6.1,8.2,74.6,2.2,10.7,12.9,5.4,5,1.6,1.6,3.8,53.3,38,3,1.7,C,USA,1,5,1
50,Greg Monroe,17884176,BOS,27,44,18,26,20.2,9.9,4.2,7.5,55.8,0,0,0,1.6,2.2,71.9,2.2,4.6,6.8,2,1.8,0.8,0.4,1.8,22.9,8,0,-4.2,C,USA,1,7,1
51,Wesley Matthews,17884176,DAL,31,63,20,43,33.8,12.7,4.5,11.1,40.6,2.4,6.4,38.1,1.3,1.6,82.2,0.4,2.7,3.1,2.7,1.3,1.2,0.3,2.2,23.7,0,0,-5.2,G,USA,Undrafted,Undrafted,1
52,Klay Thompson,17826150,GSW,28,66,51,15,34.3,19.7,7.7,15.8,49,3.1,7,44.3,1.2,1.4,83.5,0.4,3.5,3.8,2.7,1.7,0.7,0.5,1.6,30.2,2,0,6.5,G,USA,1,11,1
53,Joakim Noah,17765000,NYK,33,7,1,6,5.7,1.7,0.7,1.4,50,0,0,0,0.3,0.6,50,0.9,1.1,2,0.6,0.6,0.3,0.3,0.7,6.1,0,0,0,C,USA,1,9,1
54,Kentavious Caldwell-Pope,17745894,LAL,25,67,29,38,33.7,13.6,4.7,10.9,42.6,2.2,5.7,38.7,2,2.6,77.6,0.9,4.6,5.5,2.2,1.3,1.5,0.2,2,27.2,4,0,0,G,USA,1,8,1
55,Luol Deng,17190000,LAL,32,1,0,1,13.1,2,1,2,50,0,0,0,0,0,0,0,0,0,1,1,1,0,0,5.5,0,0,-7,F,United Kingdo...,1,7,1
56,Evan Turner,17131148,POR,29,73,46,27,25.5,8.1,3.2,7.3,44,0.5,1.6,31.6,1.2,1.4,84.5,0.4,2.8,3.2,2.2,1.2,0.5,0.4,2,16.7,0,0,-0.8,F,USA,1,2,1
57,Goran Dragic,17000450,MIA,31,71,38,33,31.8,17.4,6.5,14.4,44.9,1.5,4.1,36.5,3,3.7,80.3,0.7,3.3,4,4.9,2.2,0.8,0.2,2.4,30.3,2,0,0.1,G,Slovenia,2,45,1
58,Evan Fournier,17000000,ORL,25,57,20,37,32.2,17.8,6.5,14.1,45.9,2.2,5.9,37.9,2.6,3,86.7,0.4,2.8,3.2,2.9,1.7,0.8,0.3,2.4,27.6,0,0,-2.1,G,France,1,20,1
59,Bismack Biyombo,17000000,ORL,25,75,22,53,18.4,5.5,2.1,4.1,51.6,0,0,0,1.3,1.9,65.7,1.7,4,5.7,0.8,1.1,0.2,1.2,1.9,16.7,6,0,-5.1,C,Democratic Re...,1,7,1
60,Kent Bazemore,16910113,ATL,28,65,19,46,27.5,12.9,4.4,10.4,42,1.7,4.2,39.4,2.5,3.1,79.6,0.4,3.4,3.8,3.5,2.4,1.5,0.7,2.3,27,0,0,-2.5,G,USA,Undrafted,Undrafted,1
61,Robert Covington,16698103,PHI,27,73,44,29,31.8,12.8,4.3,10.5,41.5,2.6,6.9,37.4,1.5,1.7,85,0.7,4.6,5.3,1.9,1.6,1.6,0.8,3,27.4,5,0,6.1,F,USA,Undrafted,Undrafted,1
62,Ian Mahinmi,16661641,WAS,31,72,40,32,14.9,4.9,1.9,3.3,57.2,0,0,0,1.2,1.7,71.7,1.8,2.3,4.1,0.7,1.3,0.5,0.5,3,12.7,1,0,-0.1,C,France,1,28,1
63,Tim Hardaway Jr.,16500000,NYK,26,54,18,36,33.1,17.5,6.3,15.1,41.9,2.3,7.2,31.4,2.6,3.2,82,0.6,3.3,3.9,2.7,1.6,1.1,0.2,2.1,28.4,2,0,-1.6,F,USA,1,24,1
64,Draymond Green,16400000,GSW,28,63,44,19,32.8,11.3,4.1,9.1,45.3,1.1,3.7,30.2,1.9,2.5,77.1,1.2,6.7,7.8,7.3,2.8,1.3,1.4,2.7,37,21,3,5.2,F,USA,2,35,1
65,Tristan Thompson,16400000,CLE,27,47,23,24,20.9,6,2.6,4.5,57.3,0,0,0,0.9,1.6,54.1,2.5,4.4,6.9,0.6,0.7,0.3,0.4,2.1,16.6,3,0,-2.2,C,Canada,1,4,1
66,Reggie Jackson,16000000,DET,27,38,23,15,26.5,14.3,5.4,12.5,43.5,1.2,3.9,31.8,2.2,2.6,83,0.7,2.1,2.8,5.1,2.3,0.6,0.1,2,24.9,0,0,-0.1,G,USA,1,24,1
67,Pau Gasol,16000000,SAS,37,71,42,29,24,10.4,3.9,8.4,45.9,0.6,1.6,36.6,2.1,2.8,75.8,1.7,6.5,8.2,3.1,1.5,0.3,1.1,1.5,27.6,15,1,1.1,C,Spain,1,3,1
68,Tobias Harris,16000000,LAC,25,74,38,36,33.4,18.6,7,15.2,46,2.4,5.7,41.5,2.2,2.7,82.3,0.8,4.6,5.4,2.3,1.2,0.9,0.4,2,31.2,3,0,-0.2,F,USA,1,19,1
69,Dwyane Wade,15550000,MIA,36,62,35,27,23,11.6,4.5,10.1,44.7,0.5,1.6,29.7,2.1,2.9,72.5,0.8,3,3.8,3.4,2.1,0.9,0.7,1.9,24,3,0,1.4,G,USA,1,5,1
70,Dennis Schroder,15500000,ATL,24,67,21,46,31,19.4,7.5,17.1,43.6,1.1,3.9,29,3.4,4,84.9,0.7,2.4,3.1,6.2,2.7,1.1,0.1,2.2,33.2,5,0,-4.1,G,Germany,1,17,1
71,Jonas Valanciunas,15460675,TOR,25,71,53,18,22.5,12.7,5,8.8,57,0.4,0.9,43.3,2.3,2.8,80.6,2.3,6.2,8.5,1.1,1.5,0.4,0.9,2.6,27,24,0,2.9,C,Lithuania,1,5,1
72,Tony Parker,15453126,SAS,35,49,29,20,19.9,8.1,3.4,7.4,46.8,0.2,0.7,26.5,1,1.5,69.4,0.1,1.7,1.8,3.8,1.3,0.6,0,0.9,16.5,0,0,0,G,France,1,28,1
73,Timofey Mozgov,15280000,BKN,31,28,10,18,12.1,4,1.6,3,52.9,0.1,0.6,22.2,0.7,0.9,76,1,2.1,3.1,0.3,1.1,0.2,0.4,1.3,8.8,0,0,-3.8,C,Russia,Undrafted,Undrafted,1
74,Andre Iguodala,14814815,GSW,34,63,46,17,25.4,6,2.3,5,46.5,0.5,1.8,29.2,0.9,1.4,63.2,0.8,3.1,3.9,3.3,1.1,0.9,0.6,1.5,18.9,0,0,4.3,F,USA,1,9,1
75,DeMarre Carroll,14800000,BKN,31,70,24,46,30,13.7,4.5,10.8,42,2,5.4,37.2,2.6,3.4,76.7,1.5,5.2,6.7,2,1.4,0.8,0.4,2.3,27.2,13,0,-0.8,F,USA,1,27,1
76,Thaddeus Young,14796348,IND,29,76,45,31,32.6,12,5.3,10.8,49,0.8,2.3,32.6,0.7,1.1,59.5,2.2,4.1,6.3,1.9,1.3,1.7,0.5,2.2,27.5,8,0,2.4,F,USA,1,12,1
77,Eric Bledsoe,14500000,MIL,28,68,37,31,31.3,17.6,6.3,13.5,46.6,1.7,4.9,33.9,3.4,4.3,78,0.7,3.1,3.8,4.9,3,2,0.6,2.5,34.4,1,0,1.2,G,USA,1,18,1
78,Ricky Rubio,14275000,UTA,27,71,39,32,29.9,12.8,4.4,10.8,40.6,1.2,3.5,33.3,2.9,3.3,85.7,0.5,4,4.5,5.4,2.8,1.6,0.1,2.7,28.8,11,0,1.9,G,Spain,1,5,1
79,Joe Ingles,14136364,UTA,30,76,43,33,31.6,11.6,4.1,8.9,46.3,2.6,5.8,44.3,0.8,1,82.7,0.3,4,4.3,4.6,2,1.1,0.2,2.2,25.5,3,0,2.5,F,Australia,Undrafted,Undrafted,1
80,Gorgui Dieng,14112360,MIN,28,74,42,32,17.1,5.9,2.4,4.9,47.5,0.2,0.7,27.8,1,1.3,77.6,1.3,3.2,4.5,0.9,0.8,0.6,0.5,1.9,15.2,2,0,-2.1,C,Senegal,1,21,1
81,Khris Middleton,14100000,MIL,26,76,41,35,36.6,20.3,7.3,15.5,47.1,1.9,5.1,36.6,3.8,4.3,87.8,0.5,4.7,5.2,4,2.3,1.4,0.3,3.3,35.2,5,1,1,F,USA,2,39,1
82,Mason Plumlee,14041096,DEN,28,68,35,33,20,7.2,3.1,5.1,59.6,0,0,0,1.1,2.5,45,1.8,3.7,5.6,2,1.4,0.7,1.1,2.4,20.9,3,0,-0.3,C,USA,1,22,1
83,Taj Gibson,14000000,MIN,32,77,44,33,33.5,12.3,5.2,9,58.3,0.1,0.5,20,1.8,2.3,76.7,2.3,4.7,7.1,1.2,1.1,0.8,0.7,2.6,26,16,0,3.1,F,USA,1,26,1
84,James Johnson,13954000,MIA,31,68,35,33,26.6,10.7,4.2,8.3,50.3,0.8,2.6,31.5,1.5,2.1,68.5,0.8,4.1,5,3.8,1.9,1,0.7,2.6,25.4,6,0,-0.3,F,USA,1,16,1
85,Robin Lopez,13788500,CHI,29,63,22,41,26.6,11.9,5.4,10.2,52.9,0.1,0.2,28.6,1.1,1.4,75.6,2.1,2.4,4.5,1.9,1.7,0.2,0.8,1.7,21.8,3,0,-3.4,C,USA,1,15,1
86,JR Smith,13760000,CLE,32,74,45,29,28.4,8.3,3,7.5,39.9,1.8,4.9,37.1,0.5,0.8,69.6,0.4,2.6,2.9,1.8,1,0.9,0.1,2.1,16.6,0,0,-1.6,G,USA,1,18,1
87,Marvin Williams,13168750,CHA,31,72,31,41,25.9,9.2,3.2,7.1,45.1,1.5,3.8,39.6,1.3,1.6,81.7,1,3.8,4.8,1.1,0.9,0.7,0.4,1.5,19.3,3,0,0.9,F,USA,1,2,1
88,Tyson Chandler,13000000,PHX,35,46,15,31,25,6.5,2.6,4.1,64.7,0,0,0,1.3,2,61.7,2.9,6.2,9.1,1.2,1.3,0.3,0.6,2.3,20.7,4,0,-5.3,C,USA,1,2,1
89,Michael Kidd-Gilchrist,13000000,CHA,24,68,32,36,25,9.2,3.8,7.6,50.2,0,0,0,1.5,2.3,67.1,1.2,3,4.2,1,0.7,0.7,0.5,2,18.4,2,0,0.9,F,USA,1,2,1
90,Eric Gordon,12943020,HOU,29,66,53,13,31.4,18.3,6.1,14.2,43.1,3.2,8.9,36.2,2.9,3.6,81.4,0.3,2.1,2.5,2.2,1.9,0.6,0.4,1.6,25.9,0,0,8.4,G,USA,1,7,1
91,Kenneth Faried,12921348,DEN,28,32,16,16,14.4,5.9,2.4,4.6,51.4,0,0,0,1.1,1.6,70.6,2.1,2.7,4.8,0.6,0.7,0.4,0.4,1.6,14.1,3,0,-1.3,F,USA,1,22,1
92,Marcin Gortat,12782609,WAS,34,75,41,34,25.4,8.5,3.6,6.9,51.9,0,0,0,1.4,2.1,66.7,2.2,5.5,7.7,1.9,1.2,0.5,0.7,2.1,23,15,0,1.3,C,Poland,2,57,1
93,Cody Zeller,12584270,CHA,25,33,14,19,19,7.1,2.6,4.7,54.5,0.1,0.1,66.7,1.8,2.6,71.8,2,3.3,5.4,0.9,1,0.4,0.6,2.5,17.1,1,0,0.7,C,USA,1,4,1
94,Miles Plumlee,12500000,ATL,29,49,16,33,16.7,4.4,2,3.4,58.2,0,0,0,0.5,1.1,44.2,1.4,2.7,4.1,0.8,1.2,0.3,0.6,1.4,12.1,1,0,-2.8,C,USA,1,26,1
95,Nikola Mirotic,12500000,NOP,27,49,29,20,26.6,14.8,5.2,12,43.4,2.3,6.3,37.1,2.1,2.6,80.2,1,5.9,7,1.5,1.2,0.8,0.7,1.9,28.6,9,0,1.1,F,Montenegro,1,23,1
96,Zach Randolph,12307692,SAC,36,59,18,41,25.6,14.5,6.1,12.9,47.3,0.9,2.5,34.7,1.4,1.8,78.5,1.6,5.1,6.7,2.2,2,0.7,0.2,2,26.5,8,0,-6,F,USA,1,19,1
97,Nikola Vucevic,12250000,ORL,27,52,15,37,30.1,17.1,7.3,15.1,48.3,1.2,3.8,32.3,1.3,1.6,81.2,1.8,7.3,9.2,3.3,2,1,1.1,2.6,37.1,26,1,-0.9,C,Montenegro,1,16,1
98,Solomon Hill,12236535,NOP,27,6,3,3,15.1,3.8,1.5,3.7,40.9,0.7,2,33.3,0.2,0.3,50,0.3,1.5,1.8,2.3,0.2,0.3,0,1.2,10.4,0,0,-4.8,F,USA,1,23,1
99,Wilson Chandler,12016854,DEN,30,69,37,32,31.4,10.1,3.8,8.6,44.6,1.2,3.3,35.8,1.2,1.6,77.3,1.4,3.9,5.3,2.2,1.3,0.6,0.5,2.1,21.9,4,0,0.2,F,USA,1,23,1
100,Jeremy Lin,12000000,BKN,29,1,0,1,25.2,18,5,12,41.7,1,2,50,7,7,100,0,0,0,4,3,0,0,3,21,0,0,-6,G,USA,Undrafted,Undrafted,1
101,Kemba Walker,12000000,CHA,27,74,34,40,34.8,23,7.6,17.7,43.3,3,7.7,39.2,4.7,5.5,86.1,0.4,2.8,3.2,5.7,2.2,1.2,0.3,1.3,37.7,3,0,2.8,G,USA,1,9,1
102,Derrick Favors,12000000,UTA,26,71,41,30,27.9,12.1,5.1,9,56.3,0.2,0.7,23.5,1.8,2.8,65.2,2.6,4.6,7.2,1.4,1.2,0.7,1,2.1,26.9,14,0,1.1,F,USA,1,3,1
103,Austin Rivers,11825000,LAC,25,56,29,27,33.7,15.3,5.7,13.3,42.9,2.3,5.9,38.3,1.6,2.5,63.8,0.4,2,2.5,3.8,1.7,1.2,0.3,2.5,26.7,0,0,-0.1,G,USA,1,10,1
104,Courtney Lee,11747890,NYK,32,72,26,46,30.6,11.9,4.4,9.9,44.8,1.5,3.7,39.8,1.6,1.7,91.9,0.4,2.5,2.9,2.4,1.2,1.1,0.2,1.4,21.8,1,0,-3,G,USA,1,22,1
105,Jordan Clarkson,11562500,CLE,25,75,36,39,23.7,14.2,5.5,12,45.4,1.4,4.1,35.3,1.9,2.4,79.3,0.7,2.1,2.8,2.8,1.6,0.7,0.1,1.3,22.5,1,0,-0.3,G,USA,2,46,1
106,John Henson,11422536,MIL,27,70,36,34,25.9,8.8,3.8,6.6,57,0,0.1,16.7,1.2,2.1,59.7,2,4.9,6.9,1.4,1.2,0.5,1.4,2.7,23.9,9,0,2.4,C,USA,1,14,1
107,Dion Waiters,11000000,MIA,26,30,16,14,30.6,14.3,5.4,13.7,39.8,1.7,5.7,30.6,1.7,2.3,73.9,0.3,2.3,2.6,3.8,2.3,0.8,0.3,2,23.9,0,0,-2.8,G,USA,1,4,1
108,Amir Johnson,11000000,PHI,30,67,40,27,15.1,4.3,1.8,3.3,53.9,0.1,0.4,29.6,0.7,1.1,58.4,1.6,2.6,4.3,1.4,0.8,0.6,0.6,2.6,14.5,1,0,-0.7,C,USA,2,56,1
109,Jamal Crawford,10942762,MIN,38,75,42,33,20.5,10.6,4,9.4,42.3,1.4,4,34,1.3,1.5,90,0.2,1,1.2,2.3,1.2,0.5,0.1,1.1,16.2,0,0,-2,G,USA,1,8,1
110,Alec Burks,10845506,UTA,26,61,34,27,16.8,7.8,2.7,6.5,40.9,0.7,2.2,32.1,1.8,2,86.3,0.3,2.7,3,1,0.9,0.6,0.1,1.2,14.3,0,0,-0.2,G,USA,1,12,1
111,Patty Mills,10714286,SAS,29,76,44,32,25.2,9.8,3.3,8.1,41.1,1.8,4.9,37.3,1.3,1.5,89.2,0.3,1.6,1.9,2.7,1.3,0.7,0.1,1.5,17.3,0,0,1.5,G,Australia,2,55,1
112,Kelly Olynyk,10607169,MIA,26,70,39,31,23.7,11.5,4.2,8.3,49.9,1.4,3.7,37.4,1.8,2.3,76.5,1.2,4.5,5.6,2.7,1.9,0.9,0.5,3,24.4,7,0,3.6,F,Canada,1,13,1
113,Omer Asik,10595505,CHI,31,14,7,7,8.6,1.3,0.5,1.1,43.8,0,0,0,0.3,0.9,33.3,0.5,2.1,2.6,0.1,0.4,0.1,0.1,1,5,0,0,-0.2,C,Turkey,2,36,1
114,Terrence Ross,10500000,ORL,27,22,9,13,26.2,9,3.3,8,40.7,1.3,3.9,32.9,1.2,1.6,74.3,0.5,2.7,3.2,1.6,1.1,1.2,0.4,2,19,0,0,-1,G,USA,1,8,1
115,Mirza Teletovic,10500000,MIL,32,10,4,6,15.9,7.1,2.5,5.7,43.9,2.1,4.5,46.7,0,0,0,0.3,2,2.3,1,0.7,0.4,0.1,1.4,12.2,0,0,-3.3,F,Bosnia,Undrafted,Undrafted,1
116,Bojan Bogdanovic,10500000,IND,28,75,44,31,30.9,14.3,5,10.6,47.3,1.9,4.8,39.6,2.3,2.6,86.9,0.4,3,3.4,1.5,1.3,0.7,0.1,1.6,21.7,0,0,1.2,F,Croatia,2,31,1
117,Jon Leuer,10497319,DET,28,8,5,3,17.1,5.4,1.9,4.5,41.7,0,0.4,0,1.6,1.9,86.7,0.9,3.1,4,0.6,0.9,0.1,0.4,2,11.7,0,0,1.5,F,USA,2,40,1
118,Iman Shumpert,10337079,SAC,27,14,9,5,19.7,4.4,1.6,4.1,37.9,0.5,1.9,26.9,0.8,1.1,73.3,0.5,2.4,2.9,1.2,1.2,0.6,0.3,1.6,11.3,0,0,2,G,USA,1,17,1
119,Maurice Harkless,10162922,POR,24,59,36,23,21.4,6.5,2.5,5,49.5,0.8,2,41.5,0.7,1,71.2,0.8,2,2.7,0.9,0.7,0.8,0.7,1.7,15.1,0,0,0.1,F,USA,1,15,1
120,Jared Dudley,10000000,PHX,32,45,6,39,13.9,3,0.9,2.4,38.2,0.6,1.7,37.3,0.5,0.6,82.8,0.2,1.7,1.9,1.6,0.6,0.5,0.2,1.7,9.2,0,0,-0.1,F,USA,1,22,1
121,Darren Collison,10000000,IND,30,63,36,27,29.7,12.5,4.6,9.3,49.3,1.3,3,44.7,1.9,2.2,87.7,0.6,2.1,2.6,5.4,1.3,1.4,0.2,1.8,27.3,6,0,2.2,G,USA,1,21,1
122,Danny Green,10000000,SAS,30,64,37,27,25.9,8.8,3.2,8.1,39.7,1.8,4.7,37.2,0.6,0.8,78.4,0.6,3,3.6,1.6,1,0.9,1.2,1.7,20.6,0,0,1.5,G,USA,2,46,1
123,Meyers Leonard,9904495,POR,26,28,16,12,7.3,3.2,1.3,2.2,58.1,0.3,0.8,42.9,0.3,0.4,80,0.4,1.6,2,0.5,0.3,0.2,0,1,6.5,0,0,-1,C,USA,1,11,1
124,Tony Snell,9821429,MIL,26,69,39,30,27.6,7,2.5,5.6,44.5,1.5,3.5,41.6,0.5,0.7,80.4,0.1,1.8,1.9,1.3,0.5,0.6,0.3,1.5,13.7,0,0,0,G,USA,1,20,1
125,Al Jefferson,9769821,IND,33,34,17,17,13.6,6.9,3.1,5.8,53.1,0,0,0,0.8,0.9,81.3,0.9,3.1,3.9,0.9,0.6,0.5,0.7,1.9,15.7,1,0,-0.3,C,USA,1,15,1
126,Matthew Dellavedova,9607500,MIL,27,37,21,16,19,4.4,1.5,4,36.9,0.8,2.1,37.7,0.6,0.7,92,0.4,1.4,1.7,3.8,1.3,0.4,0,1.8,12,0,0,-1.9,G,Australia,Undrafted,Undrafted,1
127,Joe Johnson,9505000,HOU,36,49,32,17,22.4,7.1,2.8,6.7,41.5,0.8,2.7,28.2,0.8,0.9,88.1,0.3,2.9,3.2,1.6,0.9,0.4,0.1,1.2,13.9,0,0,-1,G,USA,1,10,1
128,Bogdan Bogdanovic,9470614,SAC,25,72,23,49,27.7,11.8,4.4,9.8,44.7,1.7,4.2,39.4,1.3,1.6,84.3,0.4,2.5,2.8,3.3,1.6,0.9,0.2,2.1,22,0,0,-5.2,G,Serbia,1,27,1
129,Andre Roberson,9259259,OKC,26,39,24,15,26.6,5,2.2,4.2,53.7,0.2,0.9,22.2,0.3,1,31.6,1.9,2.8,4.7,1.2,0.8,1.2,0.9,2.3,17.8,0,0,4.8,G,USA,1,26,1
130,Trevor Booker,9125000,IND,30,62,33,29,17.2,6.3,2.6,5,51.9,0.1,0.5,28.6,1,1.4,69.4,1.7,3,4.7,1.2,0.9,0.4,0.3,1.8,15.1,4,0,-0.5,F,USA,1,23,1
131,Dwight Powell,9003125,DAL,26,74,22,52,20.9,8.4,3.2,5.4,60.1,0.3,0.9,32.3,1.6,2.3,71.8,1.7,3.9,5.6,1.1,0.7,0.8,0.4,2.4,19.7,4,0,0.3,C,Canada,2,45,1
132,Jerryd Bayless,9000000,PHI,29,39,21,18,23.7,7.9,2.8,6.7,41.6,1.4,3.7,37,0.9,1.1,79.5,0.4,1.7,2.1,1.4,1.2,0.6,0.2,2.3,13.5,0,0,-1.8,G,USA,1,11,1
133,Avery Bradley,8808989,LAC,27,46,22,24,31.2,14.3,5.6,13.6,41.4,1.6,4.4,36.9,1.4,1.8,76.8,0.5,2,2.5,2,2.2,1.1,0.2,2,22,0,0,-2.7,G,USA,1,19,1
134,JaMychal Green,8533333,MEM,27,55,11,44,28,10.3,4.1,8.9,45.7,0.8,2.3,33.9,1.5,2,72.1,2.7,5.8,8.4,1.4,1.4,0.6,0.5,2.8,24.4,16,0,-4.5,F,USA,Undrafted,Undrafted,1
135,E'Twaun Moore,8445024,NOP,29,76,43,33,31.7,12.2,5.1,10.1,49.9,1.5,3.6,41.6,0.6,0.8,67.7,0.7,2.3,3,2.2,1.3,0.9,0.1,2.2,21,0,0,0.6,F,USA,2,55,1
136,Rudy Gay,8406000,SAS,31,51,33,18,21.4,11.1,4.3,9.2,46.4,0.6,2,31.7,1.9,2.4,78.2,1.3,3.8,5.1,1.3,1.4,0.7,0.7,1.7,21.9,1,0,1,F,USA,1,8,1
137,Kosta Koufos,8393000,SAC,29,71,22,49,19.6,6.7,3.1,5.5,57.1,0,0,0,0.5,1,44.6,2.1,4.5,6.6,1.2,0.7,0.7,0.5,2.1,19.2,6,0,-3.1,C,USA,1,23,1
138,Markieff Morris,8000000,WAS,28,66,35,31,27.3,11.7,4.6,9.4,48.6,1,2.8,37.5,1.4,1.7,82.5,1,4.7,5.7,1.9,1.8,0.8,0.6,3.1,23.7,5,0,0.9,F,USA,1,13,1
139,Vince Carter,8000000,SAC,41,52,17,35,17.7,5.5,2,4.9,40.6,1,2.9,35.1,0.4,0.6,71.9,0.3,2.1,2.4,1.2,0.6,0.8,0.5,1.7,13.4,0,0,-1,G,USA,1,5,1
140,Garrett Temple,8000000,SAC,31,65,23,42,24.8,8.4,3.1,7.3,41.8,1.4,3.5,39.2,0.9,1.2,76.9,0.3,2,2.3,1.9,1.2,0.9,0.4,2.1,16.7,0,0,-4.1,F,USA,Undrafted,Undrafted,1
141,CJ Miles,7936509,TOR,31,63,46,17,18.9,10.2,3.3,8.6,39,2.4,6.5,37.4,1.1,1.3,83.1,0.3,1.8,2.1,0.7,0.5,0.6,0.3,1.8,16,0,0,4.2,F,USA,2,34,1
142,Cristiano Felicio,7843500,CHI,25,49,11,38,16.5,5.2,2.2,3.6,60.1,0,0,0,0.9,1.3,64.6,1.4,2.4,3.8,1,0.9,0.2,0.2,1.8,11.5,2,0,-6,C,Brazil,Undrafted,Undrafted,1
143,Shaun Livingston,7692308,GSW,32,66,46,20,15.9,5.6,2.4,4.8,50.5,0,0.1,0,0.7,0.8,81.8,0.5,1.3,1.8,1.9,0.8,0.5,0.3,1.7,12.2,0,0,2.1,G,USA,1,4,1
144,Cory Joseph,7630000,IND,26,76,45,31,27.2,8,3.1,7.4,42.5,0.8,2.3,35.2,0.9,1.2,75,0.5,2.8,3.3,3.2,1,1,0.2,1.8,19.3,1,0,-0.6,G,Canada,1,29,1
145,PJ Tucker,7590035,HOU,32,76,62,14,27.8,6.1,2.1,5.3,39.5,1.4,3.7,37.8,0.6,0.8,71.7,1.1,4.4,5.5,0.9,0.9,1,0.3,2.5,17.1,2,0,6.9,F,USA,2,35,1
146,Corey Brewer,7579366,OKC,32,67,28,39,15.9,5,1.9,4.1,46,0.4,1.3,28.9,0.9,1.3,72.6,0.5,1.5,2,0.9,0.7,1,0.2,1.9,11.6,0,0,-1.3,G,USA,1,7,1
147,Andrew Wiggins,7574322,MIN,23,77,44,33,36.3,17.9,7,15.9,44.2,1.4,4.2,32.9,2.5,3.9,64.5,0.9,3.3,4.2,1.9,1.7,1.1,0.6,2,29.3,1,0,2.8,F,Canada,1,1,1
148,Darrell Arthur,7464912,DEN,30,19,12,7,7.4,2.8,1.2,2.5,46.8,0.4,1.2,34.8,0.1,0.2,66.7,0.2,0.6,0.8,0.5,0.8,0.4,0.2,1.2,5.4,0,0,-1.7,F,USA,1,27,1
149,Channing Frye,7420912,LAL,34,47,27,20,12.3,4.7,1.9,3.7,49.7,0.7,2,33.3,0.3,0.3,93.3,0.2,2.2,2.4,0.6,0.4,0.4,0.3,1.3,10,0,0,2.1,F,USA,1,8,1
150,Trevor Ariza,7420912,HOU,32,63,49,14,34.2,11.9,4.1,9.8,41.6,2.6,7,37.7,1.2,1.3,87.1,0.5,4,4.5,1.6,0.8,1.5,0.2,2,24,1,0,6.1,F,USA,2,43,1
151,Al-Farouq Aminu,7319035,POR,27,63,38,25,30,9.5,3.4,8.5,39.9,1.9,4.9,37.9,0.9,1.2,73.3,1.4,6.1,7.6,1.2,1.1,1.1,0.6,2,24.4,8,0,3.3,F,USA,1,8,1
152,Cole Aldrich,7300000,MIN,29,19,12,7,2.4,0.6,0.3,0.8,33.3,0,0,0,0.1,0.3,33.3,0.2,0.5,0.7,0.1,0.1,0.1,0.1,0.6,2,0,0,0,C,USA,1,11,1
153,D.J. Augustin,7250000,ORL,30,68,20,48,23.6,10.1,3.2,7.1,44.5,1.5,3.7,42,2.2,2.6,86.4,0.4,1.8,2.1,3.9,1.6,0.8,0,1.3,19.1,2,0,-1.8,G,USA,1,9,1
154,Markelle Fultz,7026240,PHI,19,7,4,3,17.5,6.7,2.7,7.6,35.8,0,0,0,1.3,2.3,56.3,1,1.7,2.7,3.1,1,0.7,0.3,1.7,16.7,0,0,-3,G,USA,1,1,1
155,Lou Williams,7000000,LAC,31,75,41,34,32.7,22.6,7.4,17,43.6,2.4,6.7,35.9,5.4,6.1,87.8,0.5,2.1,2.6,5.4,3,1.1,0.3,1.3,34.8,7,0,1.7,G,USA,2,45,1
156,Kyle Korver,7000000,CLE,37,69,40,29,21.8,9.4,3.1,6.8,45.8,2.3,5.3,44,0.9,1,88.4,0.1,2.1,2.2,1.2,0.7,0.4,0.4,1.7,15.5,0,0,3.9,G,USA,2,51,1
157,Jeremy Lamb,7000000,CHA,25,75,34,41,24.8,13.1,4.8,10.5,45.5,1.2,3.2,36.2,2.4,2.7,85.9,0.6,3.5,4.2,2.3,1.2,0.8,0.4,1.8,24,0,0,0.8,G,USA,1,12,1
158,Boban Marjanovic,7000000,LAC,29,34,17,17,8.1,5.4,1.9,3.6,52.4,0,0,0,1.6,2,82.1,1,2.2,3.2,0.6,0.9,0.3,0.3,1.3,11,0,0,1.4,C,Serbia,Undrafted,Undrafted,1
159,Jae Crowder,6796117,UTA,27,74,47,27,26.4,9.6,3.4,8.2,41,1.3,4.1,32.6,1.5,1.9,81.9,0.7,2.7,3.5,1.2,0.9,0.7,0.2,2.3,17.6,0,0,-0.1,F,USA,2,34,1
160,Jabari Parker,6782392,MIL,23,25,13,12,22.1,11,4.5,9.4,47.7,0.8,2.3,35.1,1.2,1.6,75,1,3.1,4.1,1.9,1.2,0.7,0.4,1.6,20.7,0,0,-2.4,F,USA,1,2,1
161,Langston Galloway,6666667,DET,26,54,26,28,14.4,6,2.1,5.6,38.1,1.3,3.6,34.7,0.5,0.6,79.4,0.2,1.3,1.5,1,0.3,0.6,0.1,0.7,11,0,0,1,G,USA,Undrafted,Undrafted,1
162,Lance Thomas,6655325,NYK,29,68,24,44,18.5,4,1.4,3.5,38.3,0.7,1.7,39.8,0.6,0.7,83.7,0.6,1.8,2.4,0.6,0.6,0.4,0.2,1.8,9,0,0,-2.2,F,USA,Undrafted,Undrafted,1
163,Ed Davis,6352531,POR,28,76,47,29,18.9,5.4,2.2,3.8,58.5,0,0,0,1,1.5,66.7,2.4,5,7.4,0.5,0.8,0.4,0.7,2.4,17.5,6,0,1.1,F,USA,1,13,1
164,Marco Belinelli,6306060,PHI,32,73,32,41,24,11.5,4,9.2,43.1,1.7,4.7,36.9,1.8,2,91.7,0.3,1.5,1.8,1.8,1,0.8,0.1,1.1,18.1,0,0,-1.5,G,Italy,1,18,1
165,Jonathon Simmons,6300000,ORL,28,69,21,48,29.4,13.9,5.1,11,46.5,1,3,33.8,2.7,3.5,76.8,0.9,2.6,3.5,2.5,2.1,0.8,0.2,2.5,22.9,0,0,-4.3,F,USA,Undrafted,Undrafted,1
166,Lonzo Ball,6286560,LAL,20,52,24,28,34.2,10.2,3.9,10.8,36,1.7,5.7,30.5,0.6,1.4,45.1,1.3,5.6,6.9,7.2,2.6,1.7,0.8,2.3,34.3,13,2,-0.4,G,USA,1,2,1
167,Wayne Ellington,6270000,MIA,30,71,39,32,26.7,11.3,3.7,9.2,40.3,3,7.6,39,0.9,1.1,85.5,0.3,2.6,2.9,1.1,0.7,0.7,0.1,1.2,17.9,0,0,2.1,G,USA,1,28,1
168,Isaiah Thomas,6261395,LAL,29,32,15,17,26.9,15.2,4.9,13.2,37.3,1.7,5.9,29.3,3.7,4.1,89.3,0.5,1.6,2.1,4.8,3,0.5,0.1,1.8,23.6,0,0,-3.7,G,USA,2,60,1
169,Karl-Anthony Towns,6216840,MIN,22,77,44,33,35.5,21.2,7.7,14.2,54.1,1.5,3.5,43,4.3,5,85.4,2.9,9.4,12.3,2.4,2,0.8,1.5,3.4,44.4,64,0,4.2,C,USA,1,1,1
170,Ben Simmons,6168840,PHI,21,74,44,30,34.1,15.8,6.7,12.4,53.9,0,0.1,0,2.4,4.2,56.4,1.8,6.2,8,8.1,3.4,1.7,0.9,2.6,41.7,34,11,4.4,G,Australia,1,1,1
171,Joel Embiid,6100266,PHI,24,63,41,22,30.3,22.9,8.1,16.8,48.3,1,3.4,30.8,5.7,7.4,76.9,2.3,8.7,11,3.2,3.7,0.6,1.8,3.3,44.3,38,0,7.7,C,Cameroon,1,3,1
172,Josh McRoberts,6021175,DAL,31,2,2,0,2.9,0,0,0.5,0,0,0.5,0,0,0,0,0,0,0,0,0,0,0,1,0,0,0,0,F,USA,2,37,1
173,Ish Smith,6000000,DET,29,75,35,40,25.3,10.8,4.7,9.8,47.8,0.3,1,32.1,1.1,1.5,70.2,0.4,2.4,2.8,4.3,1.3,0.8,0.2,1.8,22.2,1,0,0.5,G,USA,Undrafted,Undrafted,1
174,Alan Williams,6000000,PHX,25,3,0,3,16.6,4,1.3,3.7,36.4,0,0,0,1.3,2.3,57.1,1,4,5,1.7,1.7,1,0.3,3.7,14.8,0,0,2.3,F,USA,Undrafted,Undrafted,1
175,Shelvin Mack,6000000,ORL,27,62,18,44,19.4,6.7,2.5,5.8,43.3,0.7,1.9,36.1,1,1.4,72.9,0.3,2,2.4,3.7,1.3,0.8,0.1,1.3,16.7,1,0,-0.5,G,USA,2,34,1
176,Milos Teodosic,6000000,LAC,31,45,29,16,25.2,9.5,3.4,8,41.9,2,5.2,37.9,0.9,1,84.8,0.4,2.4,2.8,4.6,2.2,0.5,0.1,2.3,19.6,0,0,1.9,G,Serbia,Undrafted,Undrafted,1
177,Ersan Ilyasova,6000000,PHI,30,62,29,33,24.8,10.5,3.9,8.7,45.4,1.2,3.5,35.2,1.4,1.8,77.9,1.6,3.9,5.5,1.2,1,0.9,0.4,2.2,21.9,3,0,-0.6,F,Turkey,2,36,1
178,Dewayne Dedmon,6000000,ATL,28,57,15,42,24.6,9.8,4,7.5,52.8,0.8,2.2,35.2,1,1.3,78.7,1.7,6.2,7.8,1.4,1.4,0.7,0.8,2.6,24.2,13,0,-2.8,C,USA,Undrafted,Undrafted,1
179,Tyler Johnson,5881260,MIA,25,66,36,30,28.5,11.9,4.3,10,43.5,1.7,4.7,37.1,1.5,1.9,81.5,0.4,2.9,3.4,2.3,1.1,0.8,0.5,2.1,22.2,0,0,0.4,G,USA,Undrafted,Undrafted,1
180,Wesley Johnson,5881260,LAC,30,69,37,32,20.5,5.6,2.1,5.1,40.5,0.9,2.5,34.7,0.6,0.8,74.5,0.4,2.7,3,0.8,0.8,1.1,0.9,2,15.5,1,0,-0.6,F,USA,1,4,1
181,Alex Abrines,5725000,OKC,24,71,39,32,14.8,4.7,1.5,3.9,39.8,1.1,2.9,38.8,0.5,0.6,85.4,0.3,1.2,1.5,0.4,0.4,0.5,0.1,1.6,8.6,0,0,0.4,G,Spain,2,32,1
182,Jayson Tatum,5645400,BOS,20,75,52,23,30.6,13.7,4.9,10.3,47.6,1.3,3,42.9,2.6,3.2,82.4,0.6,4.5,5.1,1.5,1.4,0.9,0.8,2.1,25.8,4,0,4.6,F,USA,1,3,1
183,D'Angelo Russell,5562360,BKN,22,41,12,29,26.1,16,6,14.3,41.6,1.8,5.5,32.7,2.3,3.1,75,0.7,3.3,4,5.1,3,0.7,0.4,2,28.8,4,1,-4.2,G,USA,1,2,1
184,Brandon Ingram,5519400,LAL,20,59,27,32,33.5,16.1,6.1,12.9,47,0.7,1.8,39,3.3,4.8,68.1,1,4.4,5.3,3.9,2.5,0.8,0.7,2.8,30.3,6,0,-2.2,F,USA,1,2,1
185,Patrick Beverley,5513514,LAC,29,11,5,6,30.3,12.2,4.4,10.8,40.3,2.2,5.5,40,1.3,1.5,82.4,1.5,2.6,4.1,2.9,2.3,1.6,0.5,3.1,25.5,0,0,2.4,G,USA,2,42,1
186,Aaron Gordon,5504420,ORL,22,52,16,36,33.6,18.2,6.6,15.1,43.9,2,5.9,34.3,2.9,4.1,70.6,1.7,6.7,8.3,2.4,1.8,1,0.8,2,35.2,17,0,-1.7,F,USA,1,4,1
187,Josh Smith,5400000,NOP,32,3,2,1,3.9,0.7,0.3,1.3,25,0,0,0,0,0,0,1,0.3,1.3,0,0,0,0,1,2.3,0,0,-3.3,F,USA,1,17,1
188,Thabo Sefolosha,5250000,UTA,33,38,16,22,21.2,8.2,3.1,6.3,49.2,0.8,2.2,38.1,1.2,1.4,81.5,0.8,3.5,4.2,0.9,0.8,1.4,0.3,1.6,18.9,2,0,1.5,F,Switzerland,1,13,1
189,Jason Smith,5225000,WAS,32,30,14,16,8.6,3.4,1.3,3.5,38.5,0.1,1,13.8,0.6,0.6,89.5,0.6,1,1.6,0.5,0.5,0.1,0.4,1.4,6.9,0,0,-2,F,USA,1,20,1
190,Ben McLemore,5200000,MEM,25,50,6,44,18.2,6.9,2.6,6.2,41.8,0.9,2.7,35.3,0.8,1,81.6,0.6,1.7,2.3,0.9,1.1,0.7,0.3,2.5,12.8,0,0,-4.4,G,USA,1,7,1
191,Patrick Patterson,5192000,OKC,29,77,44,33,15.7,3.9,1.3,3.3,39.8,0.8,2.1,38.8,0.5,0.6,86,0.4,2,2.4,0.7,0.4,0.6,0.3,1.1,9.9,0,0,-1.2,F,USA,1,14,1
192,Nick Young,5192000,GSW,32,73,52,21,16.9,7.4,2.6,6.1,42,1.5,4.1,38,0.7,0.8,84.5,0.2,1.2,1.4,0.5,0.5,0.5,0.1,1.2,11,0,0,0.6,G,USA,1,16,1
193,Brandan Wright,5179760,HOU,30,28,11,17,13.6,5,2.1,3.6,57.8,0,0,0,0.8,1.2,63.6,1.2,2.2,3.4,0.5,0.3,0.5,0.9,1.1,13.6,0,0,1.5,C,USA,1,8,1
194,Josh Jackson,5090040,PHX,21,74,18,56,25.1,12.7,4.9,11.6,42.1,0.7,2.8,25.9,2.2,3.5,62.2,1.2,3.3,4.5,1.5,1.9,1,0.4,2.8,22.8,4,0,-6.8,G,USA,1,4,1
195,Marcus Morris,5000000,BOS,28,49,32,17,26.3,13.4,4.8,11.1,43.4,1.7,4.3,39,2.1,2.6,80.3,0.9,4.6,5.5,1.3,1.1,0.6,0.2,1.9,23.3,2,0,0.3,F,USA,1,14,1
196,Dirk Nowitzki,5000000,DAL,39,75,23,52,24.7,12.1,4.5,9.8,45.8,1.8,4.3,41.5,1.3,1.4,90.6,0.3,5.4,5.7,1.6,0.7,0.6,0.6,1.9,24,5,0,-0.8,C,Germany,1,9,1
197,Mike Muscala,5000000,ATL,26,47,11,36,19.3,7.5,2.7,5.6,47.5,1.1,2.8,39.7,1.1,1.2,91.2,1.1,3,4.1,0.9,0.8,0.6,0.5,1.6,16.4,1,0,-2,F,USA,2,44,1
198,Jahlil Okafor,4995120,BKN,22,27,7,20,12.5,6,2.6,4.8,54.3,0,0.1,0,0.8,1.1,72.4,0.7,2.2,3,0.4,0.8,0.1,0.6,1.9,11.6,0,0,-5.9,C,USA,1,3,1
199,Dante Exum,4992385,UTA,22,8,5,3,14.5,8.3,3.1,5.5,56.8,0.5,1.3,40,1.5,1.8,85.7,0.3,1.4,1.6,2.5,1.3,0.5,0.1,1.1,14.6,0,0,1.8,G,Australia,1,5,1
200,Jaylen Brown,4956480,BOS,21,64,45,19,30.7,14.2,5.2,11.3,46.1,1.7,4.3,38.1,2.1,3.3,64.6,1,4.1,5.2,1.7,1.7,1,0.4,2.7,25.1,2,0,5.3,G,USA,1,3,1
201,Jameer Nelson,4736050,DET,36,50,25,25,20.3,4.9,1.9,4.9,38.9,0.8,2.5,33.1,0.3,0.4,80,0.3,1.8,2.1,3.6,1.3,0.5,0.1,1.6,13.3,0,0,-2.2,G,USA,1,20,1
202,Kyle Singler,4666500,OKC,29,12,5,7,4.9,1.9,0.6,1.8,33.3,0.2,0.4,40,0.6,1.1,53.8,0.1,0.8,0.8,0.2,0.3,0.1,0,0.3,3.2,0,0,-0.1,F,USA,2,33,1
203,Justin Holiday,4615385,CHI,28,67,22,45,31.9,12.1,4,10.8,36.9,2.3,6.2,36.3,1.9,2.3,82.7,0.5,3.7,4.1,2.1,1.3,1.1,0.5,1.9,23.5,1,0,-2.4,G,USA,Undrafted,Undrafted,1
204,De'Aaron Fox,4609200,SAC,20,67,21,46,27.3,11.3,4.4,10.7,41.5,0.6,2,30.8,1.8,2.6,71.9,0.4,2.1,2.6,4.3,2.4,1,0.3,2.3,22.1,3,0,-6.3,G,USA,1,5,1
205,Marcus Smart,4538020,BOS,24,54,38,16,29.9,10.2,3.5,9.5,36.7,1.4,4.6,30.1,1.8,2.5,72.9,0.8,2.7,3.5,4.8,2.4,1.3,0.4,2.5,24.4,0,0,3.9,G,USA,1,6,1
206,Kristaps Porzingis,4503600,NYK,22,48,22,26,32.4,22.7,8.1,18.5,43.9,1.9,4.8,39.5,4.5,5.7,79.3,1.3,5.3,6.6,1.2,1.9,0.8,2.4,2.9,39.8,5,0,0.3,F,Latvia,1,4,1
207,Dragan Bender,4468800,PHX,20,77,19,58,24.7,6.1,2.1,5.7,37.1,1.4,3.8,35.6,0.5,0.6,78.3,0.4,3.6,4,1.6,1.4,0.3,0.6,2,14.6,0,0,-6,F,Croatia,1,4,1
208,Devin Harris,4402546,DEN,35,65,28,37,18.9,8.4,2.6,6.4,41.4,1.1,3.1,34.7,2.1,2.5,83.8,0.2,1.6,1.8,2.1,1.1,0.7,0.2,2.4,15.4,0,0,2.1,G,USA,1,5,1
209,Ron Baker,4328000,NYK,25,29,12,17,13.3,2.4,0.7,2,33.9,0.4,1.1,33.3,0.7,0.9,74.1,0.2,0.9,1,1.6,0.6,0.9,0.2,1.1,8.8,0,0,0.6,G,USA,Undrafted,Undrafted,1
210,Aron Baynes,4328000,BOS,31,74,51,23,18.1,5.7,2.5,5.2,47.4,0,0.2,0,0.8,1,75,1.5,3.8,5.3,1.1,1,0.2,0.6,2.5,15.3,3,0,2.4,C,Australia,Undrafted,Undrafted,1
211,Alex Len,4187599,PHX,24,65,18,47,19.9,8.2,2.9,5.2,56.3,0,0,0,2.3,3.3,69.6,2.5,4.9,7.4,1.1,1.1,0.4,0.9,2.3,21.7,10,0,-3.8,C,Ukraine,1,5,1
212,Nerlens Noel,4187599,DAL,23,29,6,23,15.7,4.5,1.9,3.6,53.4,0,0,0,0.7,1,75,1.6,4,5.6,0.6,0.8,1,0.7,2,16.6,2,0,-4,C,USA,1,6,1
213,Jonathan Isaac,4186320,ORL,20,26,11,15,19.8,5,1.9,5.2,37.3,0.5,1.5,32.5,0.7,0.9,73.9,0.6,3,3.7,0.7,1,1.2,1.2,1.8,16.5,0,0,-4.1,F,USA,1,6,1
214,Lance Stephenson,4180000,IND,27,76,45,31,22.4,9.4,3.8,8.6,43.8,0.8,2.7,30.3,1,1.5,67.9,0.7,4.2,5,2.8,1.7,0.6,0.2,2.1,20.1,2,0,-1.4,G,USA,2,40,1
215,Julius Randle,4149242,LAL,23,75,33,42,26.9,16.3,6.3,11.1,56.3,0.1,0.6,23.3,3.6,5.1,70.9,2.3,5.8,8,2.5,2.6,0.5,0.6,3.4,30.5,26,1,-0.4,F,USA,1,7,1
216,Kyle O'Quinn,4087500,NYK,28,71,26,45,17.3,6.8,2.8,4.7,59.1,0,0.2,9.1,1.3,1.6,76.7,1.4,4.3,5.7,2,1.3,0.5,1.2,2.5,20.3,5,0,-0.5,C,USA,2,49,1
217,Mario Hezonja,4078320,ORL,23,68,18,50,21.3,9.2,3.5,7.9,44.5,1.1,3.4,32.3,1.1,1.3,82,0.5,3.1,3.6,1.3,1.1,1,0.4,1.8,18.5,2,0,-3,F,Croatia,1,5,1
218,Kris Dunn,4046760,CHI,24,52,19,33,29.3,13.4,5.5,12.8,42.9,0.8,2.6,32.1,1.6,2.2,73,0.5,3.8,4.3,6,2.9,2,0.5,3.4,32.2,4,0,-5.3,G,USA,1,5,1
219,Jonas Jerebko,4000000,UTA,31,68,40,28,15.3,5.6,2.1,4.6,44.8,0.9,2.1,40.6,0.6,0.8,79.2,0.8,2.7,3.4,0.6,0.4,0.3,0.1,1.7,11.7,0,0,0.6,F,Sweden,2,39,1
220,Nemanja Bjelica,3949999,MIN,29,62,35,27,20.3,7,2.6,5.5,47.9,1.2,2.7,43.1,0.5,0.7,79.1,0.7,3.3,4.1,1.3,0.8,0.7,0.2,2.1,15.7,1,0,0,F,Serbia,2,35,1
221,J.J. Barea,3903900,DAL,33,67,22,45,23.5,11.7,4.4,10.1,43.6,1.7,4.6,36.4,1.2,1.5,78.4,0.2,2.7,2.9,6.3,2.1,0.5,0,1.2,24.3,6,0,0.3,G,Puerto Rico,Undrafted,Undrafted,1
222,Quincy Pondexter,3853931,CHI,30,23,6,17,8.5,2,0.6,2.1,28.6,0.1,1,13.6,0.6,0.7,82.4,0.3,0.8,1.2,0.4,0.5,0.3,0.1,1,4.8,0,0,-3.9,G,USA,1,26,1
223,Lauri Markkanen,3821640,CHI,20,63,21,42,30.2,14.9,5.4,12.7,42.8,2,5.9,34.3,2,2.3,86.2,1.2,6.4,7.6,1.2,1.2,0.6,0.6,1.6,27.9,14,0,-6.1,F,Finland,1,7,1
224,Nik Stauskas,3807146,BKN,24,35,11,24,12.2,4.1,1.3,3.4,38.3,0.9,2.3,40.7,0.5,0.6,77.3,0.1,1.4,1.5,0.8,0.6,0.2,0.1,0.5,7.4,0,0,-1.8,G,Canada,1,8,1
225,Willie Cauley-Stein,3704160,SAC,24,67,20,47,27.8,12.3,5.1,10.3,49.3,0,0.2,25,2.1,3.3,62.9,1.8,5,6.8,2.3,1.5,1.1,0.9,2.5,28.5,10,0,-4.9,C,USA,1,6,1
226,Buddy Hield,3675480,SAC,24,74,24,50,24.9,13.3,5.1,11.6,44.3,2.2,5.2,42.1,0.9,1,89.3,0.6,3.2,3.8,1.9,1.5,0.9,0.3,1.8,22.9,0,0,-1.5,G,Bahamas,1,6,1
227,Will Barton,3533333,DEN,27,75,41,34,32.7,15.2,5.6,12.5,44.8,1.9,5.1,36.9,2.1,2.6,80.8,0.8,4.1,4.9,4.1,1.9,1,0.7,2,30.4,0,0,1.1,F,USA,2,40,1
228,Noah Vonleh,3505233,CHI,22,52,22,30,16.4,5,2,4.4,44.5,0.4,1.2,29.7,0.7,1.1,64.3,1.3,4.5,5.9,0.6,0.5,0.3,0.3,1.3,14.5,3,0,-0.9,F,USA,1,9,1
229,Frank Ntilikina,3501120,NYK,19,73,26,47,21.1,5.7,2.2,6.1,35.9,0.6,1.9,31.4,0.7,0.9,72.1,0.4,1.8,2.2,3.1,1.7,0.8,0.2,2.3,14.3,1,0,-1.3,G,France,1,8,1
230,Nene,3477600,HOU,35,49,40,9,14.6,6.7,2.7,4.7,58.3,0,0,0,1.3,2,65.6,1,2.4,3.4,0.9,0.8,0.5,0.3,2.4,13.8,0,0,5.3,C,Brazil,1,7,1
231,Zaza Pachulia,3477600,GSW,34,64,44,20,14.4,5.6,2.3,4,56.7,0,0,0,1.1,1.4,80.5,1.3,3.5,4.8,1.6,1.1,0.6,0.2,1.8,15.1,2,0,3.3,C,Georgia,2,42,1
232,Troy Daniels,3408520,PHX,26,76,19,57,20.8,9.2,3,7.4,40.8,2.4,5.9,40.4,0.7,0.8,87.5,0.2,1.5,1.6,0.6,0.7,0.3,0.1,1.8,12.5,0,0,-4.9,G,USA,Undrafted,Undrafted,1
233,Emmanuel Mudiay,3381480,NYK,22,61,28,33,19.6,9,3.3,8.4,39.3,0.8,2.4,32.6,1.6,2.1,76,0.4,2,2.4,3.3,1.8,0.7,0.2,1.3,17.6,1,0,-4.1,G,Democratic Re...,1,7,1
234,Jamal Murray,3355320,DEN,21,75,41,34,31.2,16.5,5.9,13,45,2.1,5.4,38.5,2.7,3,90.7,1,2.7,3.7,3.3,2.2,1,0.3,2.1,27.7,1,0,2.2,G,Canada,1,7,1
235,Elfrid Payton,3332340,PHX,24,63,13,50,28.7,12.7,5.2,10.6,49.3,0.5,1.5,32.6,1.7,2.7,64.9,1,3.3,4.3,6.2,2.7,1.3,0.3,2.3,29.6,8,2,-7.3,G,USA,1,10,1
236,Rajon Rondo,3300000,NOP,32,59,36,23,25.9,8.2,3.5,7.5,46.3,0.8,2.2,34.1,0.4,0.7,58.1,0.5,3.5,3.9,7.9,2.2,1,0.2,1.8,26.1,13,2,-1.2,G,USA,1,21,1
237,Doug McDermott,3294994,DAL,26,76,29,47,22,7.8,2.9,6.2,47,1.2,2.6,43.8,0.8,1,79.2,0.5,2,2.5,1,0.7,0.3,0.2,1.5,12.9,0,0,-0.1,F,USA,1,11,1
238,Jodie Meeks,3290000,WAS,30,71,40,31,14.9,6.3,2,5.2,39.1,0.9,2.7,32.5,1.4,1.6,87.5,0.2,1.4,1.6,0.9,0.5,0.4,0.1,0.7,10.6,0,0,-1.8,G,USA,2,41,1
239,Tyreke Evans,3290000,MEM,28,52,19,33,30.9,19.4,7,15.6,45.2,2.2,5.5,39.9,3.2,4,78.5,0.8,4.3,5.1,5.2,2.3,1.1,0.3,1.8,35.3,7,0,0.5,G,USA,1,4,1
240,Tarik Black,3290000,HOU,26,46,37,9,10.1,3.5,1.5,2.5,60.2,0,0.2,0,0.5,1.2,45.3,1.3,1.8,3,0.3,0.7,0.4,0.6,2.1,9.8,1,0,-1.2,F,USA,Undrafted,Undrafted,1
241,Anthony Tolliver,3290000,DET,32,72,33,39,21.2,8.1,2.5,5.6,44.1,1.8,4.4,41.1,1.3,1.6,82.3,0.6,2.3,2.9,1.1,0.7,0.4,0.3,1.7,14.4,0,0,-0.2,F,USA,Undrafted,Undrafted,1
242,Dennis Smith Jr.,3218280,DAL,20,65,21,44,29.5,15.2,5.8,14.8,39.5,1.6,4.9,31.7,2,2.9,69.5,0.7,3,3.7,5,2.8,1,0.2,2.2,28.1,5,1,-4.8,G,USA,1,9,1
243,Zach LaVine,3202217,CHI,23,24,9,15,27.3,16.7,5.7,14.8,38.3,1.8,5.1,34.1,3.6,4.5,81.3,0.4,3.5,3.9,3,1.8,1,0.2,2.3,27.6,0,0,-7.2,G,USA,1,13,1
244,Ekpe Udoh,3200000,UTA,30,58,32,26,13.4,2.7,1,2,50.4,0,0,0,0.7,0.9,75.9,1.1,1.4,2.5,0.9,0.3,0.7,1.2,1.7,12.5,0,0,1,C,USA,1,6,1
245,TJ Warren,3152931,PHX,24,65,18,47,33,19.6,8.1,16.4,49.8,0.3,1.4,22.2,3,3.9,75.7,1.9,3.2,5.1,1.3,1.3,1,0.6,2.3,31.2,6,0,-6.7,F,USA,1,14,1
246,Stanley Johnson,3097800,DET,21,62,29,33,27.1,8.3,2.9,7.9,36.8,0.9,3.3,28.2,1.6,2,79.2,0.5,3.2,3.7,1.5,1.1,1.3,0.2,2.5,18.5,2,0,-0.6,F,USA,1,8,1
247,Marquese Chriss,3073800,PHX,20,69,18,51,20.9,7.3,2.7,6.4,41.6,0.8,2.7,29.5,1.2,2,58.9,1,4.3,5.3,1.2,1.4,0.7,1,2.8,19.1,5,0,-4,F,USA,1,8,1
248,Zach Collins,3057240,POR,20,60,39,21,15.6,4.5,1.8,4.3,41.2,0.5,1.6,33,0.4,0.6,65.8,0.7,2.6,3.3,0.8,0.9,0.3,0.5,2.1,11,0,0,0.9,C,USA,1,10,1
249,James Ennis III,3028410,DET,27,66,22,44,22.9,7.3,2.6,5.4,47.7,0.7,2.1,33.8,1.4,1.7,83.3,1.1,2.2,3.3,1,0.8,0.7,0.3,1.9,14.8,1,0,-3.2,F,USA,2,50,1
250,Mindaugas Kuzminskas,3025035,NYK,28,1,0,1,1.9,0,0,2,0,0,0,0,0,0,0,0,0,0,0,0,0,0,0,0,0,0,0,F,Lithuania,Undrafted,Undrafted,1
251,Tomas Satoransky,3000000,WAS,26,66,37,29,22,7.1,2.7,5.1,52.2,0.7,1.4,46.7,1.1,1.4,77.7,0.9,2.1,3,3.9,1.1,0.7,0.2,1.8,18.3,0,0,1.4,G,Czech Republi...,2,32,1
252,Lucas Nogueira,2947305,TOR,25,45,33,12,8.5,2.5,1,1.6,60.3,0.1,0.4,27.8,0.4,0.6,67.9,0.4,1.5,1.8,0.4,0.3,0.4,0.9,1,9.1,0,0,1.3,C,Brazil,1,16,1
253,Jusuf Nurkic,2947305,POR,23,73,46,27,26.2,14.4,6,12.1,50.1,0,0.1,0,2.3,3.5,64.3,2.3,6.4,8.7,1.8,2.3,0.8,1.4,3.1,31.9,23,0,2.3,C,Bosnia & Herz...,1,16,1
254,Malik Monk,2904480,CHA,20,57,24,33,12.4,5.3,1.9,5.8,33,1.1,3.3,32.4,0.4,0.5,77.8,0.1,0.9,1.1,1.2,0.6,0.3,0.1,0.9,8.9,0,0,-3.7,G,USA,1,11,1
255,Frank Kaminsky,2847600,CHA,24,73,33,40,23.1,11,3.8,9,42.8,1.3,3.4,38.6,2,2.5,79,0.6,3,3.6,1.6,0.8,0.5,0.2,1.2,19.1,0,0,-1,F,USA,1,9,1
256,Jakob Poeltl,2825640,TOR,22,75,55,20,18.3,6.7,3,4.7,64,0,0,50,0.7,1.3,58.5,2.1,2.7,4.7,0.7,1,0.4,1.3,2.6,17.6,3,0,3.7,C,Austria,1,9,1
257,Luke Kennard,2759280,DET,21,66,30,36,19.2,7.1,2.7,6,44,1,2.6,39.5,0.8,0.9,86.4,0.3,2,2.3,1.6,0.9,0.6,0.2,1.1,13.6,1,0,1.7,G,USA,1,12,1
258,Justise Winslow,2705040,MIA,22,62,30,32,24.3,7.5,2.9,6.9,42.3,0.8,1.9,40.5,1,1.5,64.1,0.9,4.5,5.4,2.1,1.1,0.8,0.5,2.1,20,2,0,1,F,USA,1,10,1
259,Michael Carter-Williams,2700000,CHA,26,52,23,29,16.1,4.6,1.5,4.4,33.2,0.3,1.1,23.7,1.4,1.7,82,0.7,1.9,2.7,2.2,1,0.8,0.4,1.9,14,0,0,-1.2,G,USA,1,11,1
260,Thon Maker,2684160,MIL,21,71,38,33,17,4.9,1.8,4.3,41.7,0.4,1.4,30,0.9,1.3,68.9,1,2.1,3.1,0.6,0.6,0.5,0.7,2.2,12.8,0,0,-1.9,C,South Sudan,1,10,1
261,Cedi Osman,2642857,CLE,22,55,31,24,10.5,3.6,1.4,2.7,51,0.5,1.2,39.4,0.3,0.6,57.6,0.3,1.6,1.9,0.5,0.5,0.3,0.1,1.3,7.3,0,0,0.4,F,Turkey,Undrafted,Undrafted,1
262,Donovan Mitchell,2621280,UTA,21,73,41,32,33.5,20.3,7.5,17.2,43.4,2.4,7.1,33.7,3,3.7,81.3,0.6,3,3.6,3.6,2.7,1.5,0.4,2.8,33,0,0,3.6,G,USA,1,13,1
263,Myles Turner,2569920,IND,22,59,36,23,28.7,13.3,4.9,10,48.7,0.9,2.4,37.1,2.6,3.4,77.4,1.5,5.2,6.7,1.4,1.5,0.6,1.9,2.9,29.4,11,0,2.7,C,USA,1,11,1
264,Gary Harris,2550055,DEN,23,65,36,29,34.8,17.7,6.6,13.7,48.6,2.4,6,39.9,2,2.4,82.7,0.6,2.1,2.7,3,1.8,1.8,0.2,1.8,29.7,0,0,2.9,G,USA,1,19,1
265,Domantas Sabonis,2550000,IND,21,68,42,26,24.7,11.5,4.6,8.7,52.2,0.2,0.5,36.4,2.2,3,73.4,2.3,5.6,7.9,2.1,1.9,0.5,0.4,2.9,24.9,14,0,0.4,C,Lithuania,1,11,1
266,Manu Ginobili,2500000,SAS,40,60,36,24,19.9,8.8,3.1,7.2,43.1,1,2.9,32.4,1.7,2,83.9,0.3,1.8,2.1,2.5,1.6,0.7,0.3,1.9,16.2,0,0,0.9,G,Argentina,2,57,1
267,Reggie Bullock,2500000,DET,27,59,30,29,27.6,11.2,4.3,8.7,49.6,2,4.5,44.5,0.6,0.8,78.3,0.4,2,2.4,1.5,0.8,0.8,0.2,1.1,18.6,0,0,0.3,G,USA,1,25,1
268,Richard Jefferson,2500000,DEN,37,20,10,10,8.2,1.5,0.6,1.4,44.4,0.1,0.4,28.6,0.2,0.4,57.1,0.1,0.8,0.9,0.8,0.3,0.1,0.1,0.6,3.8,0,0,-2.1,F,USA,1,13,1
269,Malcolm Delaney,2500000,ATL,29,54,16,38,18.8,6.3,2,5.3,38.2,0.9,2.3,37.1,1.4,1.7,80.4,0.2,1.7,1.9,3,1.2,0.6,0.1,1.5,14.1,0,0,-1.9,G,USA,Undrafted,Undrafted,1
270,Bam Adebayo,2490360,MIA,20,65,32,33,20.1,7,2.6,5,51.4,0,0.1,0,1.9,2.6,70.8,1.7,3.8,5.5,1.5,0.9,0.4,0.6,2.1,18.1,7,0,-1.1,C,USA,1,14,1
271,Bruno Caboclo,2451225,SAC,22,9,4,5,8.8,2.1,0.8,2.7,29.2,0.2,1.6,14.3,0.3,0.4,75,0.7,1.1,1.8,0.4,0.2,0.3,0.3,0.9,6.7,0,0,1.9,F,Brazil,1,20,1
272,Trey Lyles,2441400,DEN,22,68,36,32,19.5,10.3,3.9,7.8,49.4,1.2,3.1,38.7,1.4,2,69.6,0.8,4.1,4.8,1.3,0.9,0.4,0.5,1.6,19.9,6,0,-0.2,F,USA,1,12,1
273,Dario Saric,2422560,PHI,23,74,45,29,30.1,14.9,5.2,11.5,45.5,2.1,5.1,39.9,2.4,2.8,86.8,2,4.8,6.9,2.6,2,0.7,0.3,2.1,28,13,0,3.2,F,Croatia,1,12,1
274,Taurean Prince,2422560,ATL,24,76,21,55,30.2,13.8,4.9,11.7,42,2.1,5.4,38.2,1.8,2.2,83.7,0.6,4.2,4.8,2.4,2.3,1.1,0.5,2,25.7,5,0,-4.6,F,USA,1,12,1
275,Rodney Hood,2386864,CLE,25,56,26,30,27.2,15,5.5,12.9,42.7,2.2,5.8,38.3,1.8,2.1,86.2,0.4,2.4,2.8,1.6,1.2,0.7,0.2,1.7,22.3,0,0,-1.5,G,USA,1,23,1
276,Justin Jackson,2365560,SAC,23,62,18,44,21.3,6.7,2.7,6,45.7,0.8,2.5,32.5,0.4,0.5,70.6,0.4,2.3,2.7,1,0.6,0.4,0.2,1.1,12.7,0,0,-3.8,F,USA,1,15,1
277,Shabazz Napier,2361360,POR,26,68,44,24,20.7,8.8,3,7.1,42.8,1.1,2.9,38.1,1.6,1.9,84,0.4,1.9,2.3,2.1,1.3,1.1,0.2,1.1,17.4,0,0,1.5,G,USA,1,24,1
278,Clint Capela,2334520,HOU,23,69,59,10,27.5,14,6,9.2,65.3,0,0,0,1.9,3.5,55.6,3.3,7.6,10.9,1,1.4,0.8,1.9,2.6,35,38,0,5.3,C,Switzerland,1,25,1
279,Arron Afflalo,2328652,ORL,32,51,15,36,12.9,3.3,1.2,3,39.2,0.5,1.3,38.5,0.4,0.5,84.6,0.1,1.2,1.3,0.6,0.4,0.1,0.2,1.1,6,0,0,-1.7,G,USA,1,27,1
280,Nick Collison,2328652,OKC,37,13,7,6,5.5,2.3,1,1.5,68.4,0,0,0,0.3,0.6,50,0.5,1,1.5,0.3,0.5,0,0,0.5,4,0,0,0,F,USA,1,12,1
281,Raymond Felton,2328652,OKC,33,77,44,33,16.8,7.1,2.8,6.8,41.4,1,2.8,35.3,0.5,0.6,81.4,0.3,1.6,1.9,2.5,0.9,0.6,0.2,1.1,14.6,0,0,-0.8,G,USA,1,5,1
282,Ramon Sessions,2328652,WAS,31,24,8,16,15.6,5.5,1.7,4.8,35.1,0.3,1.1,30.8,1.8,2.3,76.8,0.3,1.3,1.5,3,1.3,0.6,0.1,1.2,12.5,0,0,-3.3,G,USA,2,56,1
283,Jarrett Jack,2328652,NYK,34,58,24,34,25.6,7.6,3.1,7.2,42.5,0.4,1.4,29.6,1,1.2,82.9,0.3,2.7,3.1,5.7,1.9,0.6,0.1,1.6,20,3,1,-0.8,G,USA,1,22,1
284,Jason Terry,2328652,MIL,40,45,24,21,16.1,3.3,1.2,3,39.6,0.8,2.2,35.4,0.2,0.2,88.9,0.1,0.9,1,1.2,0.5,0.8,0.3,1,9,0,0,-0.4,G,USA,1,10,1
285,Udonis Haslem,2328652,MIA,37,13,8,5,5.1,0.5,0.2,1.1,21.4,0.1,0.5,14.3,0,0,0,0.2,0.5,0.7,0.4,0.2,0,0.2,0.2,2.3,0,0,-0.6,F,USA,Undrafted,Undrafted,1
286,David West,2328652,GSW,37,66,48,18,13.7,7,3.1,5.3,58.2,0,0.1,37.5,0.8,1.1,76.7,0.9,2.5,3.3,1.8,1.1,0.6,1.1,1.6,17.8,0,0,0.7,F,USA,1,18,1
287,Jose Calderon,2328652,CLE,36,53,30,23,15.9,4.2,1.5,3.1,50.3,0.7,1.6,47,0.4,0.5,78.6,0.2,1.2,1.4,2.1,0.7,0.5,0,1.4,9.8,0,0,1,G,Spain,Undrafted,Undrafted,1
288,Andrew Bogut,2328652,LAL,33,23,7,16,9.4,1.6,0.7,1.1,68,0,0,0,0.1,0.1,100,1.1,2.3,3.4,0.7,0.8,0.2,0.6,1.7,8,0,0,-1.3,C,Australia,1,1,1
289,Devin Booker,2319360,PHX,21,54,16,38,34.5,24.9,8.4,19.5,43.2,2.7,7.1,38.3,5.3,6.1,87.8,0.5,4,4.5,4.7,3.6,0.9,0.3,3.1,37.2,4,0,-6.6,G,USA,1,13,1
290,Georgios Papagiannis,2301360,POR,20,16,3,13,7.4,2.1,1.1,2.6,41.5,0,0,0,0,0,0,0.8,1.5,2.3,0.6,0.5,0.1,0.4,0.8,6.7,0,0,-1.3,C,Greece,1,13,1
291,Dante Cunningham,2300000,BKN,30,67,31,36,21.6,5.6,2.2,4.9,44.9,0.8,2.3,35.1,0.4,0.7,59.2,1,3,4,0.6,0.4,0.6,0.4,1.5,13.7,1,0,-0.8,F,USA,2,33,1
292,Guerschon Yabusele,2247480,BOS,22,29,22,7,6,1.9,0.6,1.5,41.9,0.3,1,34.5,0.3,0.4,61.5,0.5,0.9,1.4,0.5,0.4,0.1,0.1,0.7,4.3,0,0,-0.9,F,France,1,16,1
293,Cameron Payne,2203440,CHI,23,19,5,14,22.5,8.8,3.5,8.4,41.3,1.3,3.7,35.7,0.6,0.7,78.6,0.6,2,2.6,4.2,1.4,1.1,0.4,1.8,21.5,1,0,-2.6,G,USA,1,14,1
294,Denzel Valentine,2186400,CHI,24,76,25,51,27.3,10.2,3.9,9.4,41.7,1.9,4.8,38.7,0.5,0.7,74.5,0.6,4.5,5.2,3.2,1.3,0.9,0.1,2.4,22.9,5,0,-3.7,F,USA,1,14,1
295,Kyle Anderson,2151704,SAS,24,68,38,30,26.7,7.9,3.1,5.9,52.7,0.2,0.7,32,1.4,2,71.9,1.2,4.4,5.5,2.8,1.4,1.5,0.8,1.5,24.2,6,0,2,F,USA,1,30,1
296,D.J. Wilson,2135040,MIL,22,21,11,10,3.3,0.9,0.4,0.7,57.1,0.1,0.2,40,0,0.1,50,0,0.4,0.4,0.1,0.2,0.1,0,0.2,1.9,0,0,-1.9,F,USA,1,17,1
297,Derrick Rose,2116955,MIN,29,21,12,9,17.4,9,3.5,7.9,44.2,0.3,1.3,22.2,1.8,2.1,86.4,0.6,1,1.6,1.6,1.5,0.2,0.2,0.7,13.1,0,0,-3.6,G,USA,1,1,1
298,Marreese Speights,2116955,ORL,30,50,14,36,12.9,7.8,2.6,6.7,39.4,1.7,4.5,37,0.8,1.1,75.5,0.4,2.2,2.6,0.7,0.7,0.1,0.4,2,12.9,1,0,0.9,F,USA,1,16,1
299,Michael Beasley,2116955,NYK,29,69,22,47,22.5,13,5.5,10.8,50.4,0.4,1.1,39.2,1.7,2.2,77.9,1.3,4.4,5.7,1.6,2,0.4,0.6,2,23.5,10,0,-1.6,F,USA,1,2,1
300,Aaron Brooks,2116955,MIN,33,30,18,12,5.7,2.1,0.8,1.9,42.1,0.3,0.8,36,0.2,0.3,66.7,0.2,0.3,0.5,0.6,0.3,0.2,0,0.8,3.9,0,0,-2,G,USA,1,26,1
301,Luc Mbah a Moute,2116955,HOU,31,56,49,7,26,7.7,2.8,5.7,48.9,1,2.9,36,1.1,1.6,69.7,0.4,2.8,3.1,0.9,1.2,1,0.4,1.7,16,0,0,5.4,F,Cameroon,2,37,1
302,JaVale McGee,2116955,GSW,30,59,41,18,9.5,4.6,2,3.3,61.5,0,0.1,0,0.6,0.8,76.1,0.8,1.7,2.5,0.5,0.4,0.3,0.9,1.5,11.8,0,0,0.9,C,USA,1,18,1
303,Jeff Green,2116955,CLE,31,72,43,29,23.2,10.6,3.7,8,46.4,0.6,2.1,28.8,2.6,3,86.2,0.8,2.4,3.2,1.3,1,0.5,0.4,1.9,18.2,1,0,1,F,USA,1,5,1
304,Tony Allen,2116955,NOP,36,22,12,10,12.4,4.7,2,4.1,48.4,0.2,0.5,33.3,0.5,1,52.4,0.9,1.2,2.1,0.4,0.9,0.5,0.1,2.2,8.9,0,0,-0.9,G,USA,1,25,1
305,Damien Wilkins,2116955,IND,38,19,10,9,8,1.7,0.7,2.1,33.3,0.2,0.9,22.2,0.2,0.2,75,0.3,0.6,0.8,0.5,0.3,0.1,0.1,0.4,3.7,0,0,1.4,F,USA,Undrafted,Undrafted,1
306,Omri Casspi,2106470,GSW,29,53,40,13,14,5.7,2.3,3.9,58,0.2,0.4,45.5,0.9,1.3,72.5,0.6,3.2,3.8,1,0.7,0.3,0.4,1.3,13,3,0,1,F,Israel,1,23,1
307,Mario Chalmers,2106407,MEM,31,62,20,42,21.8,7.7,2.6,6.8,37.9,0.8,2.9,28.1,1.7,2,85.6,0.2,2.2,2.4,3,1.8,1.2,0.2,2.8,17.5,1,0,-1,G,USA,2,34,1
308,Darius Miller,2100000,NOP,28,76,43,33,23.6,7.7,2.6,5.9,44.5,1.8,4.4,41.7,0.7,0.8,88.1,0.2,1.8,2,1.4,0.7,0.3,0.2,2,13,0,0,-0.3,F,USA,2,46,1
309,Kelly Oubre Jr.,2093040,WAS,22,74,41,33,27.6,12,4.1,9.7,41.8,1.6,4.5,35.2,2.4,2.8,83.3,0.8,3.8,4.6,1.2,1.1,0.9,0.4,2.9,22.4,0,0,-1,F,USA,1,15,1
310,Juancho Hernangomez,2076840,DEN,22,23,13,10,11.1,3.3,1.2,3,39.1,0.5,1.9,27.3,0.4,0.5,83.3,0.7,1.6,2.3,0.4,0.3,0.3,0.1,0.9,7.5,0,0,-0.8,F,Spain,1,15,1
311,TJ Leaf,2028360,IND,20,50,30,20,8.6,2.8,1.1,2.4,47.1,0.4,0.8,46.2,0.2,0.2,66.7,0.5,1,1.5,0.2,0.2,0.1,0.1,0.9,5.2,0,0,-1.4,F,USA,1,18,1
312,Tim Frazier,2000000,WAS,27,54,30,24,14.6,3.1,1.2,3,39.8,0.3,1,29.6,0.4,0.6,76.7,0.3,1.6,2,3.4,1,0.8,0.1,1.7,12.3,0,0,-1.6,G,USA,Undrafted,Undrafted,1
313,Terry Rozier,1988520,BOS,24,75,52,23,25.5,11.4,4,9.9,40,2,5,38.9,1.5,1.9,77.3,0.8,3.8,4.6,2.7,0.9,1,0.2,1.6,23.7,1,1,1.4,G,USA,1,16,1
314,Luke Babbitt,1974159,MIA,28,48,14,34,14.2,5.3,1.9,4.3,43.9,1.2,3,40.4,0.4,0.5,77.3,0.1,1.8,1.9,0.6,0.4,0.2,0.1,1.1,9.1,0,0,-0.9,F,USA,1,16,1
315,John Collins,1936920,ATL,20,68,18,50,23.5,10.4,4.2,7.1,58.6,0.2,0.5,35.5,1.8,2.5,74,2.5,4.7,7.2,1.2,1.4,0.6,1.1,3,24.4,8,0,-3,F,USA,1,19,1
316,Rashad Vaughn,1889040,ORL,21,28,13,15,7.6,2.3,0.8,2,41.1,0.5,1.3,37.8,0.1,0.2,66.7,0.1,0.6,0.8,0.5,0.2,0.2,0.1,0.5,4.5,0,0,-0.4,G,USA,1,17,1
317,Wade Baldwin IV,1874400,POR,22,3,2,1,8.3,5.3,1.7,2.3,71.4,0.3,0.3,100,1.7,3,55.6,0,1.7,1.7,0.7,0.3,0,0,1,8,0,0,-1.7,G,USA,1,17,1
318,Sam Dekker,1794600,LAC,23,69,36,33,11.8,4,1.7,3.5,48.1,0.1,0.9,16.7,0.5,0.8,67.9,0.6,1.7,2.2,0.5,0.4,0.3,0.1,0.9,8.3,0,0,0.3,F,USA,1,18,1
319,Terrance Ferguson,1785000,OKC,19,59,35,24,12.3,2.9,1.1,2.7,40.9,0.6,1.9,31.8,0.2,0.2,90,0.3,0.4,0.7,0.3,0.2,0.4,0.2,1.3,5.8,0,0,-1.7,G,USA,1,21,1
320,Henry Ellenson,1780800,DET,21,31,17,14,6.4,2.6,1,3,33,0.4,1.2,30.6,0.3,0.4,75,0.3,1.5,1.7,0.4,0.4,0.1,0,0.4,5.2,0,0,0.1,F,USA,1,18,1
321,Eric Moreland,1739333,DET,26,60,28,32,11.2,1.8,0.8,1.6,51.6,0,0,0,0.2,0.4,38.5,1.2,2.7,3.8,1.1,0.6,0.4,0.7,1.7,10.7,1,0,-0.5,F,USA,Undrafted,Undrafted,1
322,Jerian Grant,1713840,CHI,25,68,22,46,22.4,8.1,2.7,6.5,41.2,0.8,2.4,33.5,1.9,2.5,75.6,0.5,2,2.4,4.7,1.2,0.8,0.1,1.7,19.5,5,0,-3.1,G,USA,1,19,1
323,Jarrett Allen,1713720,BKN,19,65,21,44,19.6,8.1,3.2,5.5,58.4,0,0.2,23.1,1.6,2,78.9,2.1,3.3,5.4,0.7,1.1,0.4,1,2,18.8,4,0,-2.4,C,USA,1,22,1
324,Mike Scott,1709538,WAS,29,69,37,32,18.1,8.5,3.5,6.7,52.8,0.8,2.1,40.6,0.6,0.9,66.7,0.6,2.6,3.2,1,1.1,0.3,0.1,1.9,14.1,0,0,-1.2,F,USA,2,43,1
325,Tyler Zeller,1709538,MIL,28,60,24,36,16.4,6.5,2.8,5.1,54.3,0.2,0.5,35.7,0.8,1.2,69.4,1.6,3,4.5,0.7,0.8,0.3,0.6,1.8,14.6,0,0,0.4,C,USA,1,17,1
326,Quincy Acy,1709538,BKN,27,63,22,41,19.5,5.6,1.7,5.1,34.1,1.4,4.1,33.5,0.7,0.9,82.1,0.6,3.2,3.8,0.8,0.9,0.5,0.4,2.1,13,0,0,-1,F,USA,2,37,1
327,Malik Beasley,1700640,DEN,21,60,32,28,9.7,3.2,1.2,3,40.7,0.5,1.4,33.3,0.3,0.5,69,0.2,1,1.2,0.5,0.4,0.3,0.1,0.6,6.1,0,0,-0.4,G,USA,1,19,1
328,Delon Wright,1645200,TOR,25,62,45,17,20.7,8.1,3,6.2,47.3,0.8,2.2,37.8,1.4,1.7,83,0.7,2.1,2.8,2.9,1.1,1,0.5,1.1,19.3,1,0,3.8,G,USA,1,20,1
329,OG Anunoby,1645200,TOR,20,67,47,20,20,5.7,2.1,4.7,45.8,0.9,2.6,35.8,0.5,0.8,63.6,0.6,1.8,2.4,0.8,0.6,0.7,0.2,1.7,11.9,0,0,3.9,F,United Kingdo...,1,23,1
330,Ante Zizic,1645200,CLE,21,28,18,10,6.6,3.5,1.5,2,71.9,0,0,0,0.5,0.7,75,0.8,1.1,1.9,0.2,0.4,0,0.5,0.9,7.1,0,0,-0.9,F,Croatia,1,23,1
331,Caris LeVert,1632480,BKN,23,65,22,43,26,12.1,4.5,10.4,43.5,1.2,3.4,35.4,1.9,2.7,71.1,0.8,2.9,3.7,4.1,2.2,1.1,0.3,2.2,24.7,2,0,-3.9,G,USA,1,20,1
332,Justin Anderson,1579440,PHI,24,33,22,11,14.1,6,2.2,5.3,42.5,0.8,2.6,32.6,0.7,0.9,73.3,0.6,1.8,2.4,0.7,0.4,0.4,0.2,1.5,11.1,0,0,-2.8,G,USA,1,21,1
333,Tyler Lydon,1579440,DEN,21,1,1,0,2.2,0,0,0,0,0,0,0,0,0,0,0,0,0,0,0,0,0,0,0,0,0,-6,F,USA,1,24,1
334,Jeff Withey,1577320,DAL,28,9,2,7,4.4,1.7,0.7,1.8,37.5,0.2,1.1,20,0.1,0.2,50,0.1,1,1.1,0,0.2,0,0.3,0.3,3.8,0,0,2.3,C,USA,2,39,1
335,Ian Clark,1577230,NOP,27,70,40,30,19.5,7.2,2.9,6.6,43.9,0.8,2.6,29.7,0.6,0.8,75.9,0.1,1.6,1.7,1.4,0.8,0.4,0.1,1.7,12.3,0,0,0.3,G,USA,Undrafted,Undrafted,1
336,Shabazz Muhammad,1577230,MIL,25,40,23,17,9.5,4.6,1.9,4.2,44.9,0.2,0.6,24,0.7,1,74.4,0.5,1.1,1.6,0.4,0.2,0.2,0.1,0.7,7.9,0,0,-3.2,G,USA,1,14,1
337,Willie Reed,1577230,DET,27,42,20,22,10.2,4.6,1.9,2.9,66.9,0,0,50,0.8,1.3,58.2,0.8,2,2.9,0.2,0.5,0.2,0.5,1.3,10.2,1,0,0.4,C,USA,Undrafted,Undrafted,1
338,DeAndre Liggins,1577230,NOP,29,54,30,24,13.1,1.9,0.7,1.9,39.6,0.4,1,36.5,0,0.1,40,0.1,1.3,1.4,0.8,0.4,0.7,0.3,1.5,7.3,0,0,-3.7,G,USA,2,53,1
339,DeAndre' Bembry,1567200,ATL,23,21,5,16,17.3,4.9,1.9,4.8,39.6,0.4,1.1,33.3,0.7,1.2,60,0.4,2.3,2.7,1.5,1.8,0.6,0.5,1.5,11.8,0,0,-4.4,F,USA,1,21,1
340,Joffrey Lauvergne,1524305,SAS,26,51,27,24,10.2,4.4,1.9,3.6,52.2,0,0.1,0,0.6,0.9,64.4,1.2,2.1,3.3,0.7,0.6,0.2,0.1,0.9,9.5,1,0,-1.1,C,France,2,55,1
341,Jerami Grant,1524305,OKC,24,76,44,32,20.4,8.2,3,5.7,52.3,0.4,1.4,28.7,1.8,2.8,65.3,1.1,2.9,4,0.7,0.7,0.4,0.9,2,17.2,2,0,-0.2,F,USA,2,39,1
342,Johnny O'Bryant III,1524305,CHA,24,36,15,21,10.5,4.8,1.9,4.8,39.8,0.4,1.2,32.6,0.6,0.7,84,0.8,1.8,2.6,0.4,0.4,0.3,0.2,1.3,9.3,0,0,-2.4,F,USA,2,36,1
343,Tyler Ennis,1524305,LAL,23,47,20,27,10.9,3.3,1.4,3.4,40.4,0.2,0.9,23.8,0.3,0.4,70,0.3,1.2,1.4,1.6,0.5,0.4,0.1,1.3,8.5,1,0,-1.1,G,Canada,1,18,1
344,Julyan Stone,1524305,CHA,29,17,8,9,4.3,0.4,0.1,0.3,40,0.1,0.3,40,0.1,0.1,50,0,1.2,1.2,0.8,0.2,0.1,0.1,0.6,3.3,0,0,0.2,G,USA,Undrafted,Undrafted,1
345,Sean Kilpatrick,1524305,CHI,28,46,20,26,10.6,4.8,1.5,4.7,33.2,0.7,2.4,27,1.1,1.2,92.5,0.1,1.4,1.5,0.8,0.6,0.2,0,0.6,7.8,0,0,-1.8,G,USA,Undrafted,Undrafted,1
346,Spencer Dinwiddie,1524305,BKN,24,74,24,50,28.9,12.7,4.1,10.6,38.7,1.7,5.3,32.4,2.8,3.4,82.1,0.5,2.7,3.3,6.5,1.5,0.9,0.3,2.4,28.3,6,0,-0.9,G,USA,2,38,1
347,Joe Harris,1524305,BKN,26,73,24,49,25.2,10.6,3.8,7.8,48.6,1.9,4.5,41.5,1.1,1.3,83.2,0.7,2.7,3.4,1.6,1.1,0.4,0.2,2,17.9,2,0,-2.1,F,USA,2,33,1
348,Shane Larkin,1524305,BOS,25,50,37,13,13.7,4.2,1.5,3.9,39.2,0.6,1.5,38.7,0.6,0.7,90.9,0.2,1.3,1.5,1.5,0.6,0.5,0,1,9.4,0,0,0.5,G,USA,1,18,1
349,Glenn Robinson III,1524305,IND,24,17,11,6,13.6,3.2,1.3,3.4,38.6,0.3,1.1,27.8,0.4,0.4,85.7,0.5,1,1.5,0.7,0.1,0.6,0.1,0.6,8.1,0,0,1.6,G,USA,2,40,1
350,Bobby Brown,1524305,HOU,33,20,17,3,5.7,2.5,1,2.9,32.8,0.6,2,27.5,0.1,0.1,50,0,0.4,0.4,0.6,0.5,0.2,0,0.3,3.9,0,0,-3,G,USA,Undrafted,Undrafted,1
351,Bobby Portis,1516320,CHI,23,67,23,44,22.6,13.1,5.2,11.1,46.4,1.1,3.1,35,1.7,2.3,77.5,2.3,4.6,6.8,1.7,1.3,0.7,0.3,1.8,25.5,12,0,-0.8,F,USA,1,22,1
352,Malachi Richardson,1504560,TOR,22,26,8,18,12.4,3.4,1.2,3.5,33.3,0.5,1.5,30,0.7,0.8,77.3,0.2,1.1,1.3,0.5,0.4,0.4,0,1,6.6,0,0,-2.2,G,USA,1,22,1
353,Norman Powell,1471382,TOR,24,63,47,16,15.6,5.7,2.2,5.4,40.5,0.8,2.6,29.7,0.5,0.6,82.1,0.2,1.5,1.7,1.3,1,0.5,0.2,1.7,10.9,0,0,-0.3,F,USA,2,46,1
354,Josh Richardson,1471382,MIA,24,75,41,34,33.3,13,5,10.9,45.4,1.6,4.3,38.2,1.5,1.7,84,0.9,2.5,3.4,2.9,1.8,1.5,0.9,2.5,26.9,0,0,0.7,F,USA,2,40,1
355,Rondae Hollis-Jefferson,1471382,BKN,23,61,22,39,28.3,14.4,5.2,11,47.3,0.2,0.8,24.5,3.8,4.9,78.5,1.6,5.1,6.7,2.4,1.7,0.9,0.7,2.2,29.1,10,0,-2.7,F,USA,1,23,1
356,Tyus Jones,1471382,MIN,21,77,44,33,17.8,5,1.8,3.9,46.2,0.5,1.5,33.9,0.9,1,89.5,0.2,1.5,1.7,2.8,0.7,1.1,0.1,1.3,14,0,0,2.1,G,USA,1,24,1
357,Jarell Martin,1471382,MEM,23,71,21,50,22.6,7.6,3,6.7,44.1,0.4,1.3,33.3,1.2,1.6,77.7,1.3,3,4.4,1,1.2,0.5,0.7,2.9,16.8,2,0,-3.2,F,USA,1,25,1
358,Larry Nance Jr.,1471382,CLE,25,60,28,32,22.1,9,3.8,6.5,58.7,0,0.2,16.7,1.4,2.1,66.4,2.5,4.5,7,1.3,0.8,1.4,0.6,2.8,24.5,11,0,0.4,F,USA,1,27,1
359,Troy Williams,1471382,NYK,23,20,7,13,13.7,6.1,2.4,5.1,47.5,0.5,1.8,25.7,0.9,1.4,63,1,2,3,0.7,0.9,1,0.2,1.6,13.3,0,0,-1.9,F,USA,Undrafted,Undrafted,1
360,Chris McCullough,1471382,WAS,23,19,11,8,4.7,2.4,0.9,2.2,42.9,0.1,0.4,12.5,0.5,0.7,64.3,0.4,0.9,1.3,0.2,0.1,0,0.3,0.4,5,0,0,-0.8,F,USA,1,29,1
361,Raul Neto,1471382,UTA,25,39,27,12,12.3,4.6,1.7,3.8,45.6,0.5,1.2,41.3,0.7,0.8,78.8,0.2,1,1.2,1.8,0.8,0.3,0.1,0.9,9.1,0,0,3,G,Brazil,2,47,1
362,Pat Connaughton,1471382,POR,25,76,47,29,18.3,5.5,2,4.9,41.4,0.9,2.6,34.8,0.5,0.6,83.7,0.4,1.5,1.9,1.1,0.5,0.3,0.3,1.5,10.6,0,0,2,G,USA,2,41,1
363,Richaun Holmes,1471382,PHI,24,41,23,18,14.8,5.9,2.5,4.9,51.8,0.1,0.8,12.9,0.8,1.2,66.7,1.2,3.1,4.3,1.2,0.5,0.4,0.5,1.9,15,1,0,-1.9,F,USA,2,37,1
364,T.J. McConnell,1471382,PHI,26,69,43,26,23.2,6.4,2.8,5.6,50,0.4,0.9,42.4,0.4,0.6,79.5,0.5,2.6,3.1,4.1,1.6,1.2,0.2,1.7,18.8,2,1,-1.5,G,USA,Undrafted,Undrafted,1
365,Josh Huestis,1471382,OKC,26,66,41,25,14.7,2.3,0.9,2.7,33,0.5,1.7,28.3,0.1,0.3,27.8,0.6,1.8,2.4,0.3,0.4,0.2,0.7,1.2,8,0,0,1.7,G,USA,1,29,1
366,Jordan Mickey,1471382,MIA,23,22,14,8,12.6,4,1.7,3.5,47.4,0,0.6,7.1,0.5,0.8,66.7,0.8,2.8,3.6,0.4,0.8,0.3,0.5,1.6,10.3,0,0,-1.5,C,USA,2,33,1
367,Montrezl Harrell,1471382,LAC,24,70,38,32,16.3,10.6,4.3,6.8,63.9,0,0.1,0,1.9,2.9,64.7,1.4,2.6,3.9,0.8,0.9,0.4,0.7,1.8,19,0,0,0.9,F,USA,2,32,1
368,Joe Young,1471382,IND,25,50,27,23,10.4,3.8,1.5,3.4,43.3,0.4,1.2,36.7,0.4,0.6,75.9,0.2,1,1.2,0.7,0.5,0.3,0,0.7,6.8,0,0,-1,G,USA,2,43,1
369,Kevon Looney,1471382,GSW,22,60,42,18,12.8,3.7,1.5,2.7,57.5,0,0.1,25,0.6,1.1,52.9,1.2,1.9,3.1,0.6,0.5,0.5,0.8,1.5,11.6,0,0,1.9,F,USA,1,30,1
370,Nikola Jokic,1471382,DEN,23,69,38,31,32,17.8,6.4,13,49.7,1.4,3.6,39.2,3.5,4.1,85,2.7,7.9,10.6,6,2.8,1.2,0.8,2.8,42.5,33,8,4.4,C,Serbia,2,41,1
371,Salah Mejri,1471382,DAL,31,59,20,39,12,3.5,1.5,2.3,64.4,0,0.1,0,0.6,1,58.3,1.4,2.7,4.1,0.6,0.6,0.4,1.1,2,13.1,1,0,0.3,C,Tunisia,Undrafted,Undrafted,1
372,Caleb Swanigan,1465920,POR,20,22,14,8,7,2,0.8,2.2,36.7,0,0.3,14.3,0.4,0.6,61.5,0.6,1.2,1.8,0.5,0.6,0.2,0.1,1.4,5.5,0,0,-1,F,USA,1,26,1
373,Furkan Korkmaz,1465920,PHI,20,10,7,3,6.1,1.5,0.5,2.1,23.8,0.3,1.3,23.1,0.2,0.4,50,0.2,0.7,0.9,0.3,0.2,0.1,0.1,0.7,3.4,0,0,-4.2,G,Turkey,1,26,1
374,Willy Hernangomez,1435750,CHA,23,42,18,24,8.9,4.2,1.7,3.1,54.2,0.1,0.2,33.3,0.8,1.4,55.9,1.1,1.9,3,0.6,0.8,0.3,0.3,1.2,9.9,2,0,-0.5,C,Spain,2,35,1
375,Kyle Kuzma,1423560,LAL,22,73,33,40,31,16,6.1,13.4,45.3,2.1,5.6,36.6,1.9,2.6,71.4,1.2,5.2,6.4,1.9,1.7,0.6,0.5,2.1,28,17,0,-1.5,F,USA,1,27,1
376,Tony Bradley,1414920,UTA,20,9,6,3,3.2,0.9,0.3,1.2,27.3,0,0.1,0,0.2,0.2,100,0.4,0.8,1.2,0.1,0,0,0,0.1,2.5,0,0,0.1,C,USA,1,28,1
377,Derrick White,1404600,SAS,23,17,7,10,8.2,3.2,0.9,1.9,48.5,0.5,0.8,61.5,0.8,1.2,70,0.3,1.2,1.5,0.5,0.4,0.2,0.2,0.5,6.7,0,0,1.8,G,USA,1,29,1
378,Josh Hart,1394520,LAL,23,56,25,31,21.7,6.7,2.4,5.3,46.3,1.1,2.8,39.1,0.8,1.2,66.7,0.6,3.3,3.9,1.2,0.6,0.7,0.2,1.6,15.3,7,0,-1.5,G,USA,1,30,1
379,Timothe Luwawu-Cabarrot,1386600,PHI,22,52,29,23,15.5,5.8,1.9,5.1,37.5,1,3,33.5,0.9,1.1,79.3,0.3,1.1,1.4,1,0.7,0.2,0.1,1.9,9.2,0,0,-0.1,G,France,1,24,1
380,Brice Johnson,1331160,MEM,23,18,2,16,5.5,2.4,1.1,2.3,47.6,0,0.1,0,0.2,0.3,60,0.5,1.2,1.7,0.1,0.3,0.5,0.3,0.7,6.8,0,0,-0.4,F,USA,1,25,1
381,Pascal Siakam,1312611,TOR,23,74,55,19,20.6,7.4,3.2,6.2,51.3,0.4,1.7,21.6,0.7,1.1,64.6,1,3.5,4.5,1.9,0.8,0.8,0.5,2,18.8,0,0,4.1,F,Cameroon,1,27,1
382,Dejounte Murray,1312611,SAS,21,75,44,31,21.1,7.7,3.3,7.4,44.4,0.1,0.4,29,1.1,1.5,69.8,1.3,4.3,5.6,2.9,1.6,1.1,0.4,1.9,21.7,6,0,2.1,G,USA,1,29,1
383,Skal Labissiere,1312611,SAC,22,58,18,40,20.6,8.8,3.4,7.6,45.4,0.3,0.8,39.1,1.6,2,79.8,1.6,3.1,4.7,1.2,1.1,0.4,0.8,2.2,18.8,3,0,-1.9,F,Haiti,1,28,1
384,Deyonta Davis,1312611,MEM,21,56,15,41,14.3,5.5,2.4,4,61.7,0,0,0,0.6,0.9,67.3,1.1,2.6,3.8,0.6,0.5,0.2,0.6,2,13,1,0,-2.7,C,USA,2,31,1
385,Damian Jones,1312611,GSW,22,8,3,5,4.2,1,0.4,0.5,75,0,0,0,0.3,0.3,100,0.4,0.4,0.8,0,0.3,0,0.1,0.8,2,0,0,0.9,C,USA,1,30,1
386,Wayne Selden,1312611,MEM,23,34,10,24,19.5,9.1,3.2,7.5,42.7,1.4,3.5,39.8,1.3,1.7,75.4,0.4,1.1,1.6,1.9,1.5,0.5,0.1,1.6,14.2,0,0,-2.6,G,USA,Undrafted,Undrafted,1
387,Cheick Diallo,1312611,NOP,21,46,24,22,11,5,2,3.4,57.6,0,0,0,1,1.3,79.3,0.8,3.2,4.1,0.3,0.5,0.2,0.4,1.5,11.8,3,0,-1.9,F,Mali,2,33,1
388,Joel Bolomboy,1312611,MIL,24,6,3,3,6.3,1.5,0.5,1,50,0,0.2,0,0.5,1,50,1,0.7,1.7,0,0.3,0.3,0,0.5,4.2,0,0,-2,F,Ukraine,2,52,1
389,Bryn Forbes,1312611,SAS,24,74,43,31,19.1,7,2.6,6.2,42,1.1,2.9,38.9,0.6,0.9,64.7,0.1,1.3,1.4,1,0.5,0.4,0,1.4,10.8,0,0,1.4,G,USA,Undrafted,Undrafted,1
390,Davis Bertans,1312611,SAS,25,72,40,32,14.7,6.2,2.2,5,43.6,1.3,3.4,37.2,0.6,0.7,81.6,0.3,1.8,2.1,1,0.5,0.4,0.4,1.3,11.9,0,0,1.4,C,Latvia,2,42,1
391,Jake Layman,1312611,POR,24,31,19,12,5,1,0.4,1.4,27.3,0.1,0.6,21.1,0.1,0.1,66.7,0.1,0.3,0.5,0.3,0.2,0.2,0.1,0.4,2.8,0,0,-1,F,USA,2,47,1
392,Tyler Ulis,1312611,PHX,22,66,18,48,22.5,7.3,2.8,7.4,38.6,0.6,2,28.5,1.1,1.3,81.6,0.3,1.4,1.7,4.1,1.7,1,0.1,1.7,17,3,0,-4,G,USA,2,34,1
393,Marcus Georges-Hunt,1312611,MIN,24,40,23,17,5.5,1.4,0.5,1.2,43.5,0.1,0.4,21.4,0.3,0.5,61.9,0.2,0.2,0.4,0.2,0.1,0.2,0,0.8,2.5,0,0,-0.8,G,USA,Undrafted,Undrafted,1
394,Malcolm Brogdon,1312611,MIL,25,46,24,22,30.5,13.3,5.2,10.6,48.7,1.3,3.4,37.8,1.6,1.8,88.2,0.5,2.8,3.3,3.2,1.4,0.9,0.3,2.8,24.2,1,0,-1.2,G,USA,2,36,1
395,Rodney McGruder,1312611,MIA,26,14,9,5,16.9,4.9,2,4.1,48.3,0.8,1.9,40.7,0.1,0.3,50,0.6,1.2,1.8,0.8,0.2,0.5,0.1,1.1,10,0,0,2.2,G,USA,Undrafted,Undrafted,1
396,Andrew Harrison,1312611,MEM,23,56,17,39,23.7,9.5,3.2,7.7,42.2,0.8,2.5,33.1,2.2,2.8,78,0.4,1.9,2.3,3.2,1.4,0.7,0.5,2.5,19,0,0,-3.6,G,USA,2,44,1
397,Ivica Zubac,1312611,LAL,21,36,17,19,7.7,3.4,1.3,2.4,51.7,0,0,0,0.9,1.1,78,0.8,1.4,2.3,0.4,0.6,0.1,0.2,0.9,7.2,1,0,0.6,C,Croatia,2,32,1
398,Patrick McCaw,1312611,GSW,22,56,40,16,16.9,4,1.6,3.9,40.6,0.3,1.4,24.1,0.4,0.6,75.8,0.3,1.1,1.4,1.4,0.7,0.7,0.2,1.2,9.8,0,0,-1.8,G,USA,2,38,1
399,Dorian Finney-Smith,1312611,DAL,24,16,4,12,17.4,4.1,1.4,3.9,37.1,0.7,2.4,28.2,0.5,0.7,72.7,0.8,2.1,2.8,0.9,0.9,0.4,0.2,1.8,9.6,0,0,1.8,F,USA,Undrafted,Undrafted,1
400,Yogi Ferrell,1312611,DAL,24,76,23,53,28.7,10.4,3.9,9.1,42.9,1.6,4.4,37.4,1,1.3,79.8,0.3,2.9,3.2,2.4,1,0.8,0.1,2,19.6,3,0,0.1,G,USA,Undrafted,Undrafted,1
401,Treveon Graham,1312611,CHA,24,62,28,34,16.7,4.4,1.5,3.6,43.4,0.6,1.6,41.2,0.7,0.9,71.9,0.7,1.3,2,0.9,0.4,0.5,0,1.7,9.4,0,0,-1.6,G,USA,Undrafted,Undrafted,1
402,David Nwaba,1312611,CHI,25,64,24,40,23.1,7.7,2.8,5.5,49.9,0.3,0.7,36.4,2,3.1,64.8,1.2,3.3,4.5,1.4,1,0.8,0.5,2.2,18,2,0,-3.2,F,USA,Undrafted,Undrafted,1
403,Paul Zipser,1312611,CHI,24,54,17,37,15.3,4,1.5,4.3,34.6,0.7,2,33.6,0.4,0.5,73.1,0.2,2.2,2.4,0.9,0.8,0.4,0.3,1.6,9.4,0,0,-4,F,Germany,2,48,1
404,Isaiah Whitehead,1312611,BKN,23,16,2,14,11.2,6.3,2.5,5.4,46.5,0.4,1.1,38.9,0.8,1.2,68.4,0.3,1.4,1.6,1.3,1.5,0.5,0.1,1.4,10.5,0,0,-0.6,G,USA,2,42,1
405,Okaro White,1312611,CLE,25,6,2,4,13.3,3.3,1.2,2.7,43.8,0.7,1.8,36.4,0.3,0.5,66.7,0.5,1.3,1.8,0.3,0.2,0.2,0.2,1,6.9,0,0,-0.2,F,USA,Undrafted,Undrafted,1
406,Nicolas Brussino,1312611,ATL,25,4,0,4,2.5,0,0,0.5,0,0,0.5,0,0,0,0,0,0.8,0.8,0,0,0,0,0,0.9,0,0,4.3,F,Argentina,Undrafted,Undrafted,1
407,Isaiah Taylor,1312611,ATL,23,61,15,46,16.4,6.3,2.3,5.3,43,0.3,1,26.6,1.5,2.2,69.9,0.3,1,1.4,2.9,1.1,0.5,0.2,1.7,13.1,0,0,-0.1,G,USA,Undrafted,Undrafted,1
408,Kay Felder,1312611,DET,23,15,5,10,9.1,3.7,1.3,4.5,29.4,0.3,1.3,21.1,0.7,0.8,91.7,0.1,0.9,1,1.3,1.1,0.2,0.1,0.7,6.6,0,0,-3.3,G,USA,2,54,1
409,Fred VanVleet,1312611,TOR,24,70,52,18,20.2,8.7,3.1,7.2,43,1.4,3.4,41.4,1.1,1.4,83.2,0.3,2.2,2.5,3.2,1,0.9,0.3,1.8,19.1,0,0,5.1,G,USA,Undrafted,Undrafted,1
410,Derrick Jones Jr.,1312611,MIA,21,18,8,10,12.9,2.8,1,2.6,38.3,0.1,0.9,12.5,0.7,1.1,65,1.1,0.8,1.9,0.4,0.3,0.2,0.7,1.3,8.3,0,0,-2.1,F,USA,Undrafted,Undrafted,1
411,Semi Ojeleye,1291892,BOS,23,66,47,19,15.1,2.4,0.8,2.4,31.6,0.5,1.7,30.6,0.3,0.6,59,0.5,1.5,2,0.3,0.3,0.3,0,1.2,5.9,0,0,-2.2,F,USA,2,37,1
412,Frank Mason,1184385,SAC,23,48,15,33,19.2,8.2,2.9,7.4,38.8,0.6,1.6,36.8,1.9,2.2,83.2,0.6,1.9,2.5,2.9,1.3,0.7,0.2,1.4,17,0,0,-0.2,G,USA,2,34,1
413,Abdel Nader,1167333,BOS,24,41,30,11,10.7,3.1,1,3,34.7,0.5,1.4,37.3,0.5,0.8,60.6,0.2,1.1,1.4,0.5,0.7,0.3,0.2,1,6.4,0,0,-2.6,F,Egypt,2,58,1
414,Damyean Dotson,1100000,NYK,23,38,9,29,8.6,2.9,1.2,2.8,41.5,0.4,1.2,31.1,0.3,0.4,71.4,0.2,1.2,1.4,0.6,0.3,0.2,0,0.6,5.8,0,0,-0.8,G,USA,2,44,1
415,Isaiah Canaan,1069308,PHX,26,20,9,11,21.1,8.6,2.6,6.9,38,1.1,3.3,33.3,2.3,2.6,90.2,0.3,2,2.3,3.8,1.5,0.8,0.1,1.8,18.1,0,0,1,G,USA,2,34,1
416,Wes Iwundu,1050000,ORL,23,55,15,40,14.9,3.3,1.4,3.1,43.6,0.1,0.6,18.2,0.5,0.7,77.8,0.5,1.7,2.1,0.9,0.4,0.5,0.2,1.2,8.9,0,0,-2.2,F,USA,2,33,1
417,Ivan Rabb,950000,MEM,21,30,5,25,11.7,4.4,1.9,3.3,58,0,0,0,0.6,0.7,77.3,1.3,2.1,3.4,0.8,0.9,0.3,0.2,1.4,10.3,1,0,-2.3,F,USA,2,35,1
418,Ike Anigbogu,950000,IND,19,10,5,5,2.8,1.3,0.4,0.9,44.4,0,0,0,0.5,0.6,83.3,0.5,0.4,0.9,0,0.2,0.1,0.3,0.1,3.4,0,0,-0.8,C,USA,2,47,1
419,Gerald Green,947248,HOU,32,35,30,5,22.1,11.5,3.9,9.9,39.7,2.6,7.1,36.4,1.1,1.4,81.3,0.4,2.7,3.1,0.6,0.6,0.6,0.3,2.1,18.3,0,0,3.7,G,USA,1,18,1
420,Jordan Bell,815615,GSW,23,50,39,11,14.6,4.7,2.1,3.3,63,0,0.1,0,0.6,0.8,69,1.1,2.6,3.8,1.9,0.9,0.7,1.1,1.8,16.4,1,0,3,C,USA,2,38,1
421,Dakari Johnson,815615,OKC,22,29,19,10,5.5,1.9,0.8,1.3,56.4,0,0,0,0.4,0.7,55,0.6,0.6,1.2,0.3,0.1,0.2,0.3,0.9,5.1,0,0,1.2,C,USA,2,48,1
422,Sterling Brown,815615,MIL,23,49,24,25,14.4,4.2,1.6,3.8,41.5,0.6,1.7,36.1,0.4,0.5,87.5,0.5,2.2,2.7,0.4,0.5,0.6,0.2,1.4,10.2,0,0,-0.8,G,USA,2,46,1
423,Dillon Brooks,815615,MEM,22,76,21,55,28.5,10.2,3.9,8.9,43.8,1.1,3.1,35.8,1.3,1.7,73.8,0.6,2.4,3,1.4,1.4,0.8,0.2,3,17.6,0,0,-2.9,F,Canada,2,45,1
424,Jawun Evans,815615,LAC,21,48,24,24,16.2,4.8,1.9,5.3,35.2,0.3,1.1,27.8,0.8,1,77.6,0.2,1.6,1.8,2.1,0.9,0.8,0.1,2,11.7,0,0,0.2,G,USA,2,39,1
425,Sindarius Thornwell,815615,LAC,23,67,35,32,15.3,3.6,1.3,3,42.6,0.3,0.8,34,0.8,1.1,68.8,0.4,1.4,1.9,0.8,0.7,0.6,0.3,1.6,9.3,0,0,-1,G,USA,2,48,1
426,Dwayne Bacon,815615,CHA,22,52,25,27,13.4,3.3,1.3,3.6,37.6,0.2,0.8,26.2,0.4,0.5,80,0.1,2.3,2.4,0.7,0.4,0.3,0,0.9,7.8,0,0,0.2,F,USA,2,40,1
427,Tyler Dorsey,815615,ATL,22,50,12,38,16.2,6.1,2.2,6.2,35.2,1.1,3.3,33.1,0.7,1,68.8,0.3,2,2.2,1.4,0.6,0.3,0.1,1,11.3,0,0,-2.7,G,USA,2,41,1
428,Davon Reed,815615,PHX,22,17,0,17,10.9,2.8,1,3.4,29.8,0.5,1.6,32.1,0.3,0.5,62.5,0.1,1.7,1.8,0.5,0.4,0.5,0.1,0.7,7.3,0,0,-4.2,G,USA,2,32,1
429,Royce O'Neale,815615,UTA,24,63,38,25,16.1,4.8,1.7,4,40.8,0.6,1.7,34,0.9,1.1,81.4,0.4,2.9,3.2,1.3,0.8,0.6,0.2,1.5,12.3,1,0,2.6,F,USA,Undrafted,Undrafted,1
430,Alfonzo McKinnie,815615,TOR,25,13,12,1,3.8,1.5,0.5,1,53.8,0.2,0.6,37.5,0.2,0.2,66.7,0,0.5,0.5,0.1,0.2,0.1,0.1,0.6,2.4,0,0,-0.2,F,USA,Undrafted,Undrafted,1
431,Brandon Paul,815615,SAS,26,60,35,25,9.3,2.3,0.9,2,42.1,0.2,0.9,26.9,0.4,0.7,51.2,0.1,1,1.1,0.6,0.5,0.4,0.1,1,5.7,0,0,0,G,,Undrafted,Undrafted,1
432,Khem Birch,815615,ORL,25,35,11,24,12.2,3.1,1.3,2.5,50.6,0,0,0,0.6,0.9,62.5,1.5,2.1,3.7,0.6,0.5,0.3,0.4,1.3,10,1,0,0.8,C,Canada,Undrafted,Undrafted,1
433,Thomas Bryant,815615,LAL,20,11,6,5,3.1,1,0.3,0.8,33.3,0.1,0.5,20,0.4,0.5,66.7,0.1,0.5,0.5,0.2,0.1,0,0,0.2,1.8,0,0,-0.3,C,USA,2,42,1
434,Zhou Qi,815615,HOU,22,16,13,3,5.4,1.2,0.3,1.7,18.5,0.1,1,12.5,0.4,0.6,70,0.3,0.8,1.1,0.1,0.4,0.1,0.4,0.9,3.9,0,0,-3.5,F,China,2,43,1
435,Maxi Kleber,815615,DAL,26,66,19,47,16.4,5.1,2,4.2,46.9,0.5,1.7,28.6,0.7,0.9,75.4,1,2.1,3,0.7,0.4,0.4,0.6,1.6,12.4,0,0,-1.8,F,Germany,Undrafted,Undrafted,1
436,Daniel Theis,815615,BOS,25,63,44,19,14.9,5.3,2,3.7,54.1,0.3,0.9,31,1,1.3,75.3,1.4,2.9,4.3,0.9,0.9,0.5,0.8,2.5,14.6,2,0,0,F,Germany,Undrafted,Undrafted,1
437,Trey Burke,784160,NYK,25,30,8,22,19.3,12.4,5.3,10.1,52.3,1,2.6,38.5,0.9,1.4,61.9,0.4,1.4,1.8,4.1,1.1,0.6,0.1,1,21.7,2,0,-1.6,G,USA,1,9,1
438,Alex Poythress,778668,IND,24,24,10,14,4.2,1.1,0.5,1,44,0.2,0.5,36.4,0,0,0,0.3,0.4,0.7,0.1,0.1,0.1,0,0.7,2.5,0,0,-0.6,F,USA,Undrafted,Undrafted,1
439,Dwight Buycks,748160,DET,29,29,10,19,14.7,7.4,2.8,6.8,41.4,0.5,1.6,33.3,1.2,1.4,87.8,0.4,1,1.4,2,1.3,0.7,0.1,1.3,13,0,0,0.1,G,USA,Undrafted,Undrafted,1
440,Tyler Cavanaugh,679919,ATL,24,38,11,27,13.4,4.7,1.7,3.8,44.8,0.8,2.3,36,0.4,0.6,81,1.1,2.1,3.2,0.7,0.4,0.2,0.1,1.6,10.3,0,0,-0.4,F,USA,Undrafted,Undrafted,1
441,Jordan Crawford,250000,NOP,29,2,0,2,18.7,9,3.5,7,50,2,2.5,80,0,0,0,1,0.5,1.5,4.5,2,0,0.5,3,17.1,0,0,-6,G,USA,1,27,0
442,Emeka Okafor,239204,NOP,35,22,13,9,14.7,4.9,2,4.1,50,0,0,0,0.8,1,81,2.1,2.8,4.9,0.3,0.4,0.3,1.1,1.3,15.1,0,0,0.5,C,USA,1,2,0
443,Brandon Jennings,238020,MIL,28,10,6,4,15.3,5.5,1.9,4.9,38.8,0.8,2.5,32,0.9,0.9,100,0.3,1.8,2.1,3.3,1.2,0.5,0.4,0.9,14.5,1,0,-4.5,G,USA,1,10,0
444,David Stockton,148318,UTA,26,1,1,0,3,2,0,0,0,0,0,0,2,2,100,0,0,0,0,1,0,0,1,1,0,0,-5,G,USA,Undrafted,Undrafted,0
445,Larry Drew II,148318,NOP,28,9,5,4,7.2,1.9,0.8,2.4,31.8,0.3,0.9,37.5,0,0,0,0.3,0,0.3,0.9,0.3,0,0,0.7,3.3,0,0,-1.1,G,USA,Undrafted,Undrafted,0
446,Travis Wear,148318,LAL,27,13,6,7,13.3,5.2,1.7,4.4,38.6,1.2,3.2,39,0.6,0.6,100,0,2.3,2.3,0.3,0.3,0.2,0.3,1.8,9.8,0,0,2.6,F,USA,Undrafted,Undrafted,0
447,Milton Doyle,125000,BKN,24,6,0,6,10.5,3,1.2,4.2,28,0.3,2.2,15.4,0.3,0.5,66.7,0.3,1.2,1.5,0.7,0.3,0.3,0.2,0.5,7,0,0,-1.3,G,USA,Undrafted,Undrafted,0
448,Derrick Williams,104059,LAL,26,2,1,1,4.3,1,0.5,2,25,0,1,0,0,0,0,0,0.5,0.5,0,0,0,0,0,1.6,0,0,-2.5,F,USA,1,2,0
449,Marshall Plumlee,100000,MIL,25,8,5,3,6.5,1.8,0.1,0.4,33.3,0,0,0,1.5,2,75,0.5,1.6,2.1,0.3,0.4,0,0.1,1.3,4.7,0,0,-0.1,C,USA,Undrafted,Undrafted,0
450,Georges Niang,100000,UTA,24,6,6,0,2.4,1,0.5,1,50,0,0.2,0,0,0,0,0.2,0.3,0.5,0.5,0.3,0.3,0,0.2,3,0,0,-1,F,USA,2,50,0
451,Quinn Cook,100000,GSW,25,26,17,9,19.2,8.3,3.3,6.8,48.3,1.1,2.7,42,0.6,0.7,88.2,0.2,1.9,2.2,2.2,0.9,0.3,0,1.5,14.2,0,0,-0.8,G,USA,Undrafted,Undrafted,0
452,Demetrius Jackson,92858,PHI,23,14,11,3,5.5,1.1,0.5,1.3,38.9,0.1,0.5,14.3,0.1,0.1,50,0.4,0.5,0.9,0.6,0.8,0.4,0.1,0.5,3.5,0,0,-3.2,G,USA,2,45,0
453,Kyle Collinsworth,92160,DAL,26,27,8,19,13.8,2.7,1,2.5,38.2,0.1,0.5,30.8,0.6,1.2,50,0.9,2.1,3.1,1.4,0.7,0.6,0.2,1.3,10.1,0,0,0.1,G,USA,Undrafted,Undrafted,0
454,Josh Gray,92160,PHX,24,5,0,5,17.3,6.4,2.2,8.2,26.8,0.6,2.6,23.1,1.4,2.2,63.6,0.4,1.6,2,2.4,1.4,1.6,0.4,1.6,17,0,0,-13.8,G,USA,Undrafted,Undrafted,0
455,Naz Mitrou-Long,92160,UTA,24,1,0,1,0.5,3,1,1,100,1,1,100,0,0,0,0,0,0,0,0,0,0,0,3,0,0,5,G,Canada,Undrafted,Undrafted,0
456,Nigel Hayes,92160,TOR,23,4,3,1,4.2,2.3,0.8,1.3,60,0.5,1,50,0.3,0.3,100,0,0,0,0.5,0.3,0,0,0,2.8,0,0,3,F,USA,Undrafted,Undrafted,0
457,Shaquille Harrison,92160,PHX,24,18,1,17,14.1,5.7,2.1,4.7,44.7,0.2,1.1,21.1,1.2,1.7,73.3,0.3,2.3,2.6,1.7,0.8,1.1,0.3,1.8,14.7,0,0,0.6,G,USA,Undrafted,Undrafted,0
458,Rodney Purvis,92160,ORL,24,9,2,7,15.8,5.7,2,5.2,38.3,0.9,3.1,28.6,0.8,0.8,100,0,1.1,1.1,0.6,0.7,0.3,0.2,1.4,8.8,0,0,-5.1,G,USA,Undrafted,Undrafted,0
459,Jaylen Morris,92160,ATL,22,6,2,4,16.4,4.7,2.2,5.2,41.9,0.3,1.5,22.2,0,0,0,0.3,2.3,2.7,1.2,1,0.3,0.2,0.3,10.1,0,0,-7,G,USA,Undrafted,Undrafted,0
460,Antonius Cleveland,92160,ATL,24,13,5,8,6.2,0.8,0.3,1.1,28.6,0,0.1,0,0.2,0.3,50,0.2,0.6,0.8,0.2,0.2,0.5,0.3,0.8,4.1,0,0,-2.2,G,USA,Undrafted,Undrafted,0
461,Damion Lee,92160,ATL,25,9,1,8,26.4,10.4,3.8,8.9,42.5,1.1,3.9,28.6,1.8,2.3,76.2,0.3,3.8,4.1,1.9,0.7,1.4,0.1,1.3,22.2,0,0,-1.1,G,USA,Undrafted,Undrafted,0
462,Mike James,87552,NOP,27,36,11,25,19.1,9.3,3.4,8.9,38.3,0.7,2.7,26.5,1.8,2.3,76.2,0.4,2.1,2.5,3.5,1.4,0.8,0.2,1.3,19.1,0,0,-1.1,G,USA,Undrafted,Undrafted,0
463,MarShon Brooks,86119,MEM,29,2,1,1,19.9,22.5,7.5,12.5,60,3,3.5,85.7,4.5,4.5,100,1,0,1,2,1,1.5,0.5,0.5,31.7,0,0,5,G,USA,1,25,0
464,Jarell Eddie,83129,CHI,26,3,1,2,2.9,0,0,0.7,0,0,0.7,0,0,0,0,0,0.3,0.3,0,0,0.3,0,0,1.4,0,0,0.3,G,USA,Undrafted,Undrafted,0
465,Briante Weber,83129,MEM,25,18,8,10,13.1,2.8,1.1,2.4,44.2,0.2,0.6,36.4,0.4,0.6,80,0.4,1.5,1.9,1.2,0.8,1,0.3,1.6,9.9,0,0,-6.1,G,USA,Undrafted,Undrafted,0
466,Marquis Teague,83129,MEM,25,1,0,1,25.5,1,0,3,0,0,1,0,1,4,25,0,2,2,5,0,1,0,1,13.9,0,0,-17,G,USA,1,29,0
467,Aaron Harrison,83129,DAL,23,4,1,3,20.3,4.5,1.5,5.5,27.3,0.5,4,12.5,1,1.3,80,0.3,2,2.3,1,0.3,0.5,0.5,3,11.5,0,0,-6,G,USA,Undrafted,Undrafted,0
468,Adreian Payne,75000,ORL,27,5,0,5,8.5,4.2,1.4,2,70,0.4,0.6,66.7,1,1.2,83.3,0.4,1.4,1.8,0,0.4,0.4,0,1.2,7.2,0,0,-2.6,F,USA,1,15,0
469,Alec Peters,75000,PHX,22,15,0,15,10.1,2.1,0.7,3,24.4,0.5,2.5,18.4,0.2,0.2,100,0.4,1.3,1.7,0.7,0.1,0.1,0.1,0.5,5.7,0,0,0.1,F,USA,2,54,0
470,Alex Caruso,75000,LAL,24,30,14,16,13.7,2.9,1.1,2.6,42.3,0.2,0.9,22.2,0.5,0.7,68.2,0.3,1.1,1.4,1.9,1,0.6,0.3,1.3,9.1,0,0,0.6,G,USA,Undrafted,Undrafted,0
471,Antonio Blakeney,75000,CHI,21,19,3,16,16.5,7.9,2.8,7.5,37.1,0.8,2.7,28.8,1.6,2.1,76.9,0.2,1.5,1.7,1.1,0.6,0.4,0.1,1,12.3,0,0,-0.3,G,USA,Undrafted,Undrafted,0
472,Charles Cooke,75000,NOP,23,11,6,5,3,0.5,0.2,1.1,16.7,0.1,0.6,14.3,0.1,0.2,50,0,0.2,0.2,0.1,0.1,0.1,0,0,1.1,0,0,-0.5,G,USA,Undrafted,Undrafted,0
473,Chris Boucher,75000,GSW,25,1,1,0,1.3,0,0,1,0,0,1,0,0,0,0,0,1,1,0,0,0,0,0,1.2,0,0,-2,F,Canada,Undrafted,Undrafted,0
474,Daniel Hamilton,75000,OKC,22,5,4,1,5.2,2.4,1,2.2,45.5,0.4,1,40,0,0,0,0,1,1,1.4,0.4,0.2,0,0,5.9,0,0,-1.8,G,USA,2,56,0
475,Danuel House,75000,PHX,24,18,4,14,12.3,4.4,1.5,3.9,38.6,0.5,1.8,27.3,0.9,1.1,84.2,0.5,2,2.5,0.4,0.3,0.3,0.1,0.8,9.1,0,0,0.4,F,USA,Undrafted,Undrafted,0
476,Darrun Hilliard,75000,SAS,24,14,8,6,6.8,1.1,0.4,1.4,26.3,0,0.4,0,0.4,0.5,85.7,0,0.5,0.5,0.8,0.3,0.1,0,0.5,3.1,0,0,0.9,G,USA,2,38,0
477,Derrick Walton Jr.,75000,MIA,22,15,7,8,9.5,1.9,0.5,1.6,33.3,0.5,1.1,41.2,0.4,0.4,100,0.1,0.9,1.1,1,0.1,0.4,0.2,0.4,6.4,0,0,-2.3,G,USA,Undrafted,Undrafted,0
478,Isaiah Hicks,75000,NYK,23,12,2,10,12.2,3.3,1.4,3.1,45.9,0.1,0.5,16.7,0.4,0.7,62.5,0.7,1.6,2.3,0.5,0.8,0.2,0.2,2.5,7,0,0,-4.8,F,USA,Undrafted,Undrafted,0
479,JaKarr Sampson,75000,SAC,25,17,3,14,14.6,4,1.7,2.8,61.7,0.3,0.5,62.5,0.3,0.5,62.5,0.8,2.5,3.2,0.5,0.4,0.4,0.8,2.2,11.9,0,0,0.2,F,USA,Undrafted,Undrafted,0
480,Jabari Bird,75000,BOS,23,7,5,2,5,0.7,0.1,0.6,25,0,0.3,0,0.4,0.7,60,0.3,0.3,0.6,0.1,0.1,0.1,0,0.3,1.9,0,0,2.4,G,USA,2,56,0
481,Jack Cooley,75000,SAC,26,2,1,1,4.9,5,2,3.5,57.1,0,0,0,1,1,100,1.5,0.5,2,1,0,0,0,1,8.9,0,0,0.5,C,USA,Undrafted,Undrafted,0
482,Jacob Wiley,75000,BKN,23,5,1,4,6.7,0.8,0.2,0.8,25,0.2,0.4,50,0.2,0.4,50,0.4,1.8,2.2,0.4,0,0.2,0,0.8,4.6,0,0,2.6,F,USA,Undrafted,Undrafted,0
483,Jalen Jones,75000,DAL,24,13,3,10,8.2,3,1.1,2.8,38.9,0.4,0.8,45.5,0.5,0.6,75,0.6,1.2,1.8,0.2,0.2,0.2,0,1,5.7,0,0,0.4,F,USA,Undrafted,Undrafted,0
484,Jamel Artis,75000,ORL,25,9,1,8,12.6,2.3,0.9,3,29.6,0.2,1.1,20,0.3,0.6,60,0.2,1.6,1.8,1.2,0.1,0,0.1,0.6,6.5,0,0,1,G,USA,Undrafted,Undrafted,0
485,James Young,75000,PHI,22,6,4,2,10.2,2.8,0.8,2.3,35.7,0.5,1.7,30,0.7,1,66.7,0,0.3,0.3,0.3,0.2,0,0,0.7,3.6,0,0,-4.3,G,USA,1,17,0
486,John Holland,75000,CLE,29,21,15,6,6.4,1.6,0.5,1.9,28.2,0.3,1.2,28,0.2,0.3,66.7,0.2,0.7,0.9,0.2,0.2,0.3,0.1,0.4,3.8,0,0,-0.2,G,USA,Undrafted,Undrafted,0
487,Johnathan Motley,75000,DAL,22,7,1,6,7.1,4.4,1.7,2.9,60,0,0.1,0,1,2.4,41.2,0.4,2.1,2.6,0.3,0.4,0,0.3,1,8.4,0,0,2.4,F,USA,Undrafted,Undrafted,0
488,Josh Magette,75000,ATL,28,16,2,14,11.2,2.3,0.7,2.3,30.6,0.4,1.1,35.3,0.5,0.5,100,0.1,0.9,1,3.1,0.4,0.4,0,0.9,9,0,0,-0.3,G,USA,Undrafted,Undrafted,0
489,Kadeem Allen,75000,BOS,25,11,6,5,2.9,0.5,0.1,0.5,16.7,0,0.3,0,0.3,0.4,75,0.1,0.3,0.4,0.2,0.3,0.1,0,0.2,1.2,0,0,-0.3,G,USA,2,53,0
490,Kobi Simmons,75000,MEM,20,26,5,21,18.3,5.3,2.2,5.3,42.3,0.2,0.9,20.8,0.6,0.6,100,0.4,1.2,1.6,1.8,1.1,0.7,0.2,1.8,11.3,0,0,-6,G,USA,Undrafted,Undrafted,0
491,London Perrantes,75000,CLE,23,12,7,5,2.7,0.3,0.1,0.4,20,0,0.1,0,0.1,0.3,33.3,0,0.2,0.2,0.4,0.1,0,0,0.3,1,0,0,-0.9,G,USA,Undrafted,Undrafted,0
492,Lorenzo Brown,75000,TOR,27,13,8,5,8.8,1.6,0.7,1.9,36,0.1,0.6,12.5,0.2,0.2,100,0,0.8,0.8,0.9,0.2,0.3,0,0.4,4.7,0,0,3.2,G,USA,2,52,0
493,Luke Kornet,75000,NYK,22,14,4,10,14.6,5.4,2,5.8,34.6,1.1,3.9,29.6,0.2,0.3,75,0.7,2.3,3,1,0.2,0.4,0.8,0.9,13.7,1,0,-3.9,F,USA,Undrafted,Undrafted,0
494,Malcolm Miller,75000,TOR,25,15,15,0,8.4,2.5,0.9,1.9,46.4,0.5,1.4,38.1,0.3,0.3,100,0.3,0.7,1,0.2,0.3,0.1,0.1,0.7,4.3,0,0,0.5,F,USA,Undrafted,Undrafted,0
495,Mangok Mathiang,75000,CHA,25,4,3,1,5,2,1,1.8,57.1,0,0,0,0,0.3,0,0.8,1.8,2.5,0,0,0.3,0,1.3,5.8,0,0,0.3,F,Australia,Undrafted,Undrafted,0
496,Marcus Paige,75000,CHA,24,2,2,0,7.5,4.5,1.5,4,37.5,0.5,1.5,33.3,1,1,100,0,1.5,1.5,1,0,0,0,0,7.8,0,0,-0.5,G,USA,2,55,0
497,Matt Costello,75000,SAS,24,4,2,2,8.1,1,0.5,1,50,0,0,0,0,0,0,0.3,2,2.3,0.5,0.3,0.5,0.5,1.8,7.2,0,0,3.8,F,USA,Undrafted,Undrafted,0
498,Monte Morris,75000,DEN,22,3,2,1,8.4,3.3,1.3,2,66.7,0,0.3,0,0.7,0.7,100,0,0.7,0.7,2.3,0.3,1,0,0.3,10.3,0,0,-2.3,G,USA,2,51,0
499,PJ Dozier,75000,OKC,21,2,1,1,1.6,1,0.5,1,50,0,0,0,0,0,0,0,0.5,0.5,0,0.5,0,0,0.5,1.1,0,0,-1.5,G,USA,Undrafted,Undrafted,0
500,Ryan Arcidiacono,75000,CHI,24,18,4,14,9.4,1.7,0.6,1.2,47.6,0.3,0.9,35.3,0.2,0.2,100,0,0.6,0.6,1,0.2,0.4,0,0.6,4.9,0,0,0.1,G,USA,Undrafted,Undrafted,0
501,Torrey Craig,75000,DEN,27,33,17,16,16.1,4.7,1.8,3.7,47.5,0.5,1.5,33.3,0.7,1.1,62.9,1,2.3,3.3,0.6,0.4,0.3,0.2,1.6,10.7,0,0,-1.5,G,USA,Undrafted,Undrafted,0
502,Vincent Hunter,75000,MEM,23,4,0,4,1.9,1.5,0.8,1.3,60,0,0,0,0,0,0,0.5,0.3,0.8,0,0.3,0,0.3,0,2.9,0,0,1.5,F,USA,Undrafted,Undrafted,0
503,Scotty Hopson,74159,DAL,28,1,0,1,8.4,1,0,1,0,0,0,0,1,2,50,0,0,0,1,1,0,0,0,1.5,0,0,-8,G,,Undrafted,Undrafted,0
504,Nate Wolters,50000,UTA,26,5,3,2,3.8,0.4,0.2,1.2,16.7,0,0,0,0,0,0,0.2,0.2,0.4,0.2,0,0,0,0.2,1.2,0,0,0.6,G,,2,38,0
505,Jacob Pullen,50000,PHI,28,3,2,1,2,0.7,0.3,0.7,50,0,0.3,0,0,0,0,0,0,0,0,0.3,0,0,0,0.3,0,0,0,G,USA,Undrafted,Undrafted,0
506,James Michael McAdoo,50000,PHI,25,3,1,2,6,2.7,0.7,2.3,28.6,0.7,2.3,28.6,0.7,0.7,100,0,0.7,0.7,0,0.3,0,0.3,0.3,4.1,0,0,0.3,F,USA,Undrafted,Undrafted,0
507,Gary Payton II,50000,LAL,25,19,9,10,7.8,2.1,0.9,2.5,38.3,0.1,0.8,13.3,0.1,0.2,66.7,0.4,0.8,1.2,0.7,0.2,0.2,0.2,1.2,5.4,0,0,0.1,G,USA,Undrafted,Undrafted,0
508,Matt Williams Jr.,50000,MIA,24,3,1,2,3.8,1.7,0.7,2,33.3,0.3,1.7,20,0,0,0,0,0.3,0.3,0,0.3,0,0,0.3,1.7,0,0,5.3,G,USA,Undrafted,Undrafted,0
509,Vander Blue,50000,LAL,25,5,1,4,9,0.6,0.2,1,20,0,0.4,0,0.2,0.4,50,0,0.2,0.2,0.6,0.6,0.2,0,0.4,1.7,0,0,3,G,USA,Undrafted,Undrafted,0
510,Jamil Wilson,50000,LAC,27,15,6,9,18.3,7,2.5,5.4,46.9,1.8,4.2,42.9,0.1,0.3,50,0.2,1.9,2.1,0.7,0.5,0.3,0.5,2.3,12.6,0,0,-0.1,F,USA,Undrafted,Undrafted,0
511,Luis Montero,50000,DET,24,2,1,1,4,0,0,0.5,0,0,0,0,0,0,0,0,1,1,0,1,0,0,0,0.2,0,0,-2.5,G,Dominican Rep...,Undrafted,Undrafted,0
512,Gian Clavell,50000,DAL,24,7,0,7,9.1,2.9,0.9,2.6,33.3,0.9,2.1,40,0.3,0.3,100,0.1,0.9,1,0.4,0.3,0.3,0,1.1,5.3,0,0,3.1,G,Puerto Rico,Undrafted,Undrafted,0
513,Xavier Rathan-Mayes,46080,MEM,23,5,0,5,23.6,5.8,2.4,8.4,28.6,0.2,2.8,7.1,0.8,1.8,44.4,0,1,1,3.6,2.2,1.2,0.6,3.6,15.6,0,0,-11.8,G,Canada,Undrafted,Undrafted,0
514,Trey McKinney-Jones,46080,IND,27,1,1,0,1.2,0,0,0,0,0,0,0,0,0,0,0,0,0,0,0,0,0,0,0,0,0,0,G,USA,Undrafted,Undrafted,0
515,Jameel Warney,46080,DAL,24,3,1,2,8.9,5.7,2.3,4,58.3,0,0,0,1,1.7,60,1.3,1.7,3,0,0.3,0,0,0.7,8.9,0,0,-1.7,F,USA,Undrafted,Undrafted,0
